power power##power.Sub_metering_2,>,6.0#36008
power power##power.Sub_metering_1,<,48.0,power.Global_active_power,>,6.376#2089
power power##power.Sub_metering_1,>,37.0,power.Global_active_power,<,4.56,power.Sub_metering_3,<,12.0,power.Sub_metering_2,=,24.0,power.Voltage,>,227.54#5
power power##power.Global_active_power,<,0.638#545114
power power##power.Voltage,=,228.2#6
power power##power.Sub_metering_3,>,11.0,power.Global_active_power,<,7.513999999999999#338905
power power##power.Sub_metering_2,=,4.0,power.Global_active_power,<,4.43,power.Voltage,>,228.03#3558
power power##power.Global_intensity,=,13.2,power.Global_reactive_power,>,0.392,power.Sub_metering_3,=,29.0#3
power power##power.Sub_metering_1,>,21.0#30108
power power##power.Sub_metering_3,>,1.0#349272
power power##power.Global_reactive_power,<,0.7120000000000001,power.Sub_metering_2,<,62.0#1041866
power power##power.Global_reactive_power,<,0.804,power.Sub_metering_1,>,66.0#312
power power##power.Global_reactive_power,<,0.9540000000000001,power.Sub_metering_1,=,63.0#6
power power##power.Sub_metering_3,>,22.0#4249
power power##power.Global_active_power,>,0.768,power.Sub_metering_2,>,27.0,power.Global_reactive_power,>,0.774,power.Global_intensity,<,28.0#50
power power##power.Sub_metering_2,=,70.0#191
power power##power.Global_intensity,<,15.2,power.Global_active_power,=,2.356,power.Sub_metering_2,>,0.0,power.Sub_metering_3,=,30.0#1
power power##power.Global_active_power,>,4.12#25988
power power##power.Global_intensity,<,5.0#614076
power power##power.Global_reactive_power,>,0.924#75
power power##power.Sub_metering_1,<,32.0,power.Global_active_power,<,9.118,power.Sub_metering_3,=,29.0,power.Global_intensity,=,14.4,power.Voltage,>,225.99#5
power power##power.Sub_metering_1,<,76.0,power.Global_active_power,<,2.532,power.Global_intensity,<,18.6,power.Sub_metering_2,<,39.0,power.Global_reactive_power,>,0.182#217980
power power##power.Global_intensity,<,4.8,power.Global_reactive_power,=,0.578#5
power power##power.Sub_metering_1,<,13.0,power.Voltage,<,243.38#869415
power power##power.Sub_metering_2,>,51.0,power.Voltage,<,249.26#2338
power power##power.Global_active_power,>,6.4639999999999995,power.Sub_metering_3,<,9.0#156
power power##power.Sub_metering_2,>,23.0,power.Global_reactive_power,<,0.9,power.Sub_metering_1,>,4.0#2611
power power##power.Sub_metering_1,<,66.0#1044185
power power##power.Sub_metering_2,=,8.0,power.Voltage,>,245.21#1
power power##power.Sub_metering_1,>,48.0,power.Global_active_power,>,4.654#473
power power##power.Global_reactive_power,=,0.106,power.Sub_metering_1,<,5.0#10892
power power##power.Sub_metering_1,=,40.0#477
power power##power.Global_intensity,>,36.0#130
power power##power.Global_active_power,<,4.096#1017849
power power##power.Global_active_power,=,2.048#212
power power##power.Global_active_power,<,5.614,power.Global_intensity,=,21.8,power.Sub_metering_3,<,26.0,power.Sub_metering_1,<,11.0,power.Voltage,>,235.53,power.Global_reactive_power,<,0.95#105
power power##power.Global_active_power,>,5.12#10161
power power##power.Sub_metering_3,>,28.0#2234
power power##power.Sub_metering_1,=,7.0,power.Voltage,>,240.67,power.Sub_metering_2,<,36.0,power.Global_intensity,<,46.4,power.Global_active_power,>,0.502#31
power power##power.Global_intensity,>,9.2,power.Sub_metering_2,=,44.0#21
power power##power.Sub_metering_3,>,1.0#349272
power power##power.Voltage,=,241.48,power.Sub_metering_2,<,55.0#1425
power power##power.Voltage,>,229.95,power.Global_reactive_power,<,0.272,power.Sub_metering_3,>,11.0#297440
power power##power.Sub_metering_2,>,46.0#2464
power power##power.Global_active_power,>,5.012#11267
power power##power.Global_reactive_power,<,0.1,power.Sub_metering_3,=,28.0,power.Sub_metering_1,<,50.0#241
power power##power.Voltage,=,234.3#209
power power##power.Sub_metering_2,<,47.0,power.Global_reactive_power,>,0.20600000000000002#210464
power power##power.Global_reactive_power,>,0.24,power.Sub_metering_1,<,51.0,power.Global_active_power,>,3.01#24190
power power##power.Sub_metering_2,=,30.0#858
power power##power.Sub_metering_2,<,14.0,power.Global_active_power,>,6.492000000000001#520
power power##power.Sub_metering_3,>,7.0#345254
power power##power.Global_reactive_power,<,0.9640000000000001,power.Global_intensity,=,33.0,power.Sub_metering_1,<,38.0,power.Sub_metering_2,>,54.0#12
power power##power.Sub_metering_2,<,35.0,power.Sub_metering_1,>,72.0,power.Voltage,<,233.37#66
power power##power.Voltage,=,238.85,power.Global_intensity,<,3.2#457
power power##power.Sub_metering_3,=,12.0#4747
power power##power.Global_active_power,>,4.843999999999999,power.Sub_metering_2,<,64.0#11600
power power##power.Global_intensity,<,21.4#1033074
power power##power.Global_reactive_power,=,0.254,power.Sub_metering_3,>,16.0,power.Global_intensity,<,42.2,power.Sub_metering_2,=,32.0#3
power power##power.Global_active_power,=,8.078#2
power power##power.Voltage,<,238.84,power.Sub_metering_2,<,58.0#343944
power power##power.Voltage,=,244.52#501
power power##power.Global_intensity,>,7.2,power.Global_reactive_power,=,0.358,power.Sub_metering_1,>,51.0#1
power power##power.Sub_metering_1,>,24.0,power.Sub_metering_2,>,52.0#186
power power##power.Sub_metering_3,<,4.0,power.Sub_metering_1,<,37.0,power.Global_reactive_power,<,1.274,power.Voltage,<,244.76#631106
power power##power.Global_reactive_power,<,0.218,power.Sub_metering_1,<,75.0,power.Sub_metering_2,<,2.0#787321
power power##power.Global_reactive_power,>,0.37200000000000005,power.Global_intensity,<,33.0,power.Sub_metering_1,=,38.0#1271
power power##power.Sub_metering_1,>,29.0#28334
power power##power.Global_active_power,>,5.797999999999999#4844
power power##power.Voltage,<,248.29,power.Global_intensity,>,9.0#155647
power power##power.Sub_metering_1,<,50.0,power.Global_reactive_power,<,0.4,power.Sub_metering_2,<,30.0,power.Global_active_power,<,2.082,power.Sub_metering_3,>,15.0,power.Voltage,>,246.56#854
power power##power.Sub_metering_2,<,66.0,power.Global_intensity,>,1.8#594611
power power##power.Global_reactive_power,<,0.444,power.Sub_metering_1,=,73.0,power.Global_active_power,>,3.1719999999999997,power.Voltage,<,244.93#26
power power##power.Sub_metering_3,=,14.0,power.Global_intensity,<,10.0#189
power power##power.Sub_metering_3,<,12.0,power.Global_reactive_power,<,0.6559999999999999#704548
power power##power.Global_active_power,=,7.138,power.Global_reactive_power,<,0.862,power.Sub_metering_3,<,24.0#2
power power##power.Sub_metering_1,>,47.0,power.Sub_metering_2,=,23.0,power.Global_intensity,<,31.4#1
power power##power.Global_intensity,<,22.4,power.Sub_metering_3,>,4.0,power.Global_active_power,<,4.692,power.Global_reactive_power,<,0.5479999999999999,power.Voltage,>,244.42#8099
power power##power.Global_active_power,<,2.952,power.Global_reactive_power,<,0.616,power.Voltage,<,237.35,power.Global_intensity,<,17.2,power.Sub_metering_2,=,26.0,power.Sub_metering_3,<,20.0#156
power power##power.Sub_metering_3,<,21.0,power.Global_intensity,>,16.8,power.Global_active_power,>,1.51#29362
power power##power.Sub_metering_3,<,6.0#697873
power power##power.Global_intensity,>,11.8#89793
power power##power.Voltage,<,234.45,power.Global_active_power,>,5.334,power.Global_reactive_power,<,0.314#3023
power power##power.Sub_metering_2,<,14.0,power.Global_intensity,=,17.4#851
power power##power.Global_reactive_power,=,0.988#1
power power##power.Voltage,<,244.23#956290
power power##power.Global_intensity,<,29.6,power.Voltage,>,224.77#1043167
power power##power.Sub_metering_1,>,47.0,power.Global_reactive_power,<,0.9359999999999999,power.Voltage,<,238.76#594
power power##power.Global_reactive_power,>,0.24,power.Sub_metering_2,<,49.0,power.Sub_metering_3,<,2.0,power.Global_active_power,>,5.412000000000001,power.Sub_metering_1,<,75.0#295
power power##power.Global_reactive_power,<,0.11199999999999999,power.Sub_metering_1,<,35.0,power.Sub_metering_2,=,53.0#7
power power##power.Sub_metering_1,=,37.0#8773
power power##power.Sub_metering_3,>,5.0,power.Global_reactive_power,>,0.076#209980
power power##power.Sub_metering_3,<,8.0,power.Global_reactive_power,<,0.44,power.Sub_metering_1,<,63.0,power.Sub_metering_2,=,26.0,power.Global_active_power,<,8.468#372
power power##power.Global_intensity,=,1.0#95350
power power##power.Global_intensity,>,21.8,power.Sub_metering_2,<,67.0#8620
power power##power.Global_intensity,=,22.4,power.Voltage,>,234.25,power.Global_reactive_power,>,0.792#5
power power##power.Global_reactive_power,<,0.28800000000000003,power.Voltage,=,236.31,power.Global_intensity,=,8.6#4
power power##power.Sub_metering_3,=,26.0,power.Voltage,<,248.08#163
power power##power.Sub_metering_1,<,45.0#1043819
power power##power.Sub_metering_3,>,22.0,power.Sub_metering_2,<,45.0#4243
power power##power.Sub_metering_2,<,40.0,power.Sub_metering_3,=,28.0,power.Sub_metering_1,>,29.0,power.Global_reactive_power,<,0.306#43
power power##power.Global_intensity,<,21.2,power.Global_active_power,=,1.16,power.Sub_metering_3,>,4.0,power.Sub_metering_1,<,39.0#136
power power##power.Sub_metering_3,=,29.0#1701
power power##power.Global_intensity,>,13.8#63471
power power##power.Voltage,>,236.8#870223
power power##power.Global_reactive_power,>,0.192#245939
power power##power.Global_reactive_power,=,1.046,power.Sub_metering_2,<,22.0#1
power power##power.Sub_metering_3,<,31.0,power.Global_intensity,<,1.8,power.Voltage,<,231.27#746
power power##power.Sub_metering_2,=,8.0#211
power power##power.Sub_metering_1,=,18.0#217
power power##power.Voltage,<,239.07,power.Sub_metering_1,=,36.0,power.Sub_metering_2,<,62.0,power.Global_active_power,>,6.574,power.Global_intensity,>,4.4#279
power power##power.Sub_metering_2,<,39.0,power.Global_active_power,>,3.022#72546
power power##power.Sub_metering_2,>,2.0,power.Sub_metering_1,<,56.0#47173
power power##power.Sub_metering_1,>,19.0,power.Sub_metering_3,>,14.0#19191
power power##power.Sub_metering_1,>,14.0,power.Global_active_power,>,3.302,power.Global_reactive_power,<,0.196,power.Sub_metering_3,<,31.0,power.Sub_metering_2,=,25.0,power.Global_intensity,>,19.8#14
power power##power.Sub_metering_3,<,3.0,power.Sub_metering_1,>,67.0#68
power power##power.Sub_metering_2,=,36.0,power.Global_intensity,=,32.2#1
power power##power.Sub_metering_1,=,75.0,power.Global_intensity,<,38.6#52
power power##power.Sub_metering_3,<,7.0,power.Global_reactive_power,<,0.662,power.Sub_metering_1,<,71.0,power.Voltage,>,226.17,power.Sub_metering_2,<,43.0#697405
power power##power.Sub_metering_3,<,8.0#699252
power power##power.Sub_metering_2,>,51.0,power.Sub_metering_1,<,6.0#2123
power power##power.Global_intensity,<,12.4,power.Sub_metering_1,=,28.0,power.Voltage,<,238.69#24
power power##power.Voltage,<,246.89#1032394
power power##power.Global_active_power,>,2.1180000000000003,power.Global_reactive_power,<,0.488,power.Sub_metering_2,<,16.0,power.Global_intensity,>,11.8,power.Sub_metering_1,=,12.0,power.Voltage,>,235.48#34
power power##power.Sub_metering_3,>,24.0#3934
power power##power.Sub_metering_2,=,57.0#45
power power##power.Global_reactive_power,>,0.15,power.Sub_metering_2,<,28.0,power.Sub_metering_3,<,19.0,power.Global_active_power,>,1.022,power.Voltage,=,238.06#187
power power##power.Sub_metering_1,<,66.0,power.Global_reactive_power,=,0.526#121
power power##power.Sub_metering_1,>,54.0,power.Global_reactive_power,>,0.47#38
power power##power.Global_reactive_power,<,0.746,power.Global_active_power,>,2.008,power.Global_intensity,<,23.2#163719
power power##power.Global_intensity,>,33.6,power.Voltage,>,238.63#2
power power##power.Sub_metering_2,<,34.0,power.Sub_metering_3,=,7.0,power.Global_active_power,<,5.9479999999999995,power.Global_reactive_power,<,0.182,power.Voltage,<,231.3#5
power power##power.Sub_metering_2,=,12.0,power.Sub_metering_1,<,2.0,power.Global_intensity,<,38.0#145
power power##power.Voltage,<,242.53,power.Global_active_power,<,5.55,power.Sub_metering_1,<,46.0,power.Global_intensity,<,22.6,power.Sub_metering_2,=,45.0#17
power power##power.Voltage,=,227.4#7
power power##power.Sub_metering_3,<,30.0,power.Sub_metering_1,<,62.0,power.Global_active_power,>,5.922000000000001#3847
power power##power.Sub_metering_1,<,1.0,power.Global_intensity,=,10.4#4031
power power##power.Sub_metering_3,<,25.0,power.Global_active_power,>,5.34,power.Global_reactive_power,<,0.41600000000000004,power.Sub_metering_2,<,45.0#5413
power power##power.Global_reactive_power,>,0.696,power.Sub_metering_1,>,36.0,power.Sub_metering_3,>,7.0,power.Global_intensity,<,31.2,power.Voltage,<,248.99#58
power power##power.Global_intensity,>,8.6#165726
power power##power.Global_active_power,=,1.534,power.Sub_metering_2,<,9.0,power.Voltage,>,233.26#654
power power##power.Sub_metering_3,<,9.0,power.Global_reactive_power,<,0.20800000000000002,power.Sub_metering_1,>,51.0,power.Voltage,<,228.98#8
power power##power.Global_reactive_power,<,0.23600000000000002,power.Global_active_power,<,7.007999999999999,power.Sub_metering_2,<,31.0,power.Sub_metering_1,>,43.0#194
power power##power.Global_active_power,<,2.074,power.Sub_metering_3,<,3.0,power.Voltage,<,246.64#636587
power power##power.Global_active_power,>,0.6559999999999999,power.Global_intensity,>,5.8#316434
power power##power.Voltage,>,236.17,power.Global_reactive_power,=,0.314#1026
power power##power.Voltage,=,239.26,power.Global_reactive_power,>,0.358#41
power power##power.Voltage,=,239.09,power.Sub_metering_2,<,52.0,power.Global_active_power,>,1.6540000000000001,power.Global_intensity,<,36.0#246
power power##power.Global_active_power,<,1.804,power.Sub_metering_2,<,33.0#842420
power power##power.Global_intensity,>,12.2,power.Sub_metering_3,=,6.0,power.Global_reactive_power,<,0.574#40
power power##power.Sub_metering_3,<,10.0#700579
power power##power.Global_active_power,>,2.068,power.Sub_metering_2,=,77.0,power.Sub_metering_1,<,72.0#4
power power##power.Sub_metering_1,>,69.0,power.Global_active_power,<,7.642,power.Voltage,<,249.48#230
power power##power.Voltage,=,245.4#234
power power##power.Global_reactive_power,>,0.562,power.Global_active_power,<,1.97#716
power power##power.Global_reactive_power,<,0.494,power.Sub_metering_3,>,2.0,power.Sub_metering_1,=,9.0#138
power power##power.Sub_metering_2,=,9.0#183
power power##power.Sub_metering_2,<,41.0#1041675
power power##power.Voltage,=,244.92#269
power power##power.Sub_metering_2,>,21.0,power.Global_intensity,=,36.0#7
power power##power.Sub_metering_1,>,5.0,power.Global_reactive_power,>,1.102#2
power power##power.Global_reactive_power,>,0.154,power.Sub_metering_3,=,27.0,power.Global_active_power,>,5.676#4
power power##power.Voltage,=,228.81,power.Global_active_power,<,2.76#4
power power##power.Voltage,=,229.08,power.Sub_metering_1,>,3.0,power.Sub_metering_3,<,29.0#2
power power##power.Global_reactive_power,=,0.204,power.Sub_metering_2,=,32.0#4
power power##power.Global_reactive_power,>,0.39399999999999996,power.Sub_metering_3,>,16.0#10869
power power##power.Global_active_power,<,0.42#457325
power power##power.Sub_metering_3,<,10.0,power.Sub_metering_2,<,39.0,power.Sub_metering_1,=,57.0#3
power power##power.Global_active_power,>,3.444#55165
power power##power.Sub_metering_2,<,64.0#1042620
power power##power.Global_intensity,>,43.4#6
power power##power.Sub_metering_3,<,25.0,power.Global_active_power,=,0.126#1146
power power##power.Voltage,<,227.15#501
power power##power.Sub_metering_2,=,33.0#705
power power##power.Voltage,<,230.81,power.Sub_metering_2,=,4.0,power.Global_reactive_power,<,0.804#28
power power##power.Sub_metering_3,=,23.0,power.Voltage,<,240.17#134
power power##power.Global_intensity,<,42.0#1044490
power power##power.Global_reactive_power,=,1.222,power.Sub_metering_1,<,25.0#1
power power##power.Global_active_power,<,4.456,power.Global_intensity,>,6.0#274691
power power##power.Global_reactive_power,=,0.374#653
power power##power.Global_active_power,<,3.12,power.Voltage,>,247.45,power.Sub_metering_3,=,3.0,power.Global_reactive_power,<,0.392#3
power power##power.Global_reactive_power,>,0.588,power.Sub_metering_2,=,16.0#5
power power##power.Global_reactive_power,=,0.784,power.Sub_metering_1,<,71.0,power.Sub_metering_3,>,1.0,power.Global_active_power,<,5.306#3
power power##power.Sub_metering_3,=,30.0,power.Voltage,>,227.02#510
power power##power.Global_reactive_power,>,0.7040000000000001#698
power power##power.Global_intensity,<,21.6#1033553
power power##power.Voltage,>,243.39,power.Sub_metering_1,<,64.0#141815
power power##power.Sub_metering_2,<,67.0,power.Global_intensity,>,24.8#3619
power power##power.Sub_metering_2,=,50.0#19
power power##power.Sub_metering_1,>,32.0#27635
power power##power.Sub_metering_2,<,29.0#1021209
power power##power.Sub_metering_1,<,18.0,power.Voltage,=,245.16#268
power power##power.Global_reactive_power,>,0.486#8090
power power##power.Sub_metering_1,>,14.0#31664
power power##power.Sub_metering_3,<,21.0,power.Global_intensity,<,39.8#1039902
power power##power.Global_intensity,<,35.6,power.Global_reactive_power,=,0.358#892
power power##power.Sub_metering_3,>,5.0,power.Voltage,=,228.06,power.Global_intensity,>,14.0#2
power power##power.Voltage,>,227.33#1043912
power power##power.Sub_metering_3,<,24.0,power.Sub_metering_1,=,4.0#268
power power##power.Global_active_power,>,4.3180000000000005#21406
power power##power.Global_active_power,=,0.718#293
power power##power.Sub_metering_3,>,10.0,power.Global_intensity,>,15.8#31828
power power##power.Sub_metering_3,>,6.0#345938
power power##power.Global_active_power,>,8.288#147
power power##power.Sub_metering_3,<,4.0,power.Sub_metering_2,<,74.0#696485
power power##power.Global_intensity,=,44.6,power.Sub_metering_2,>,15.0,power.Global_reactive_power,<,0.48,power.Sub_metering_1,<,56.0,power.Global_active_power,>,1.624#2
power power##power.Sub_metering_3,>,16.0,power.Sub_metering_1,>,70.0,power.Global_intensity,>,2.4,power.Sub_metering_2,<,38.0,power.Global_reactive_power,>,0.542,power.Global_active_power,>,2.73#4
power power##power.Sub_metering_3,<,8.0#699252
power power##power.Global_intensity,<,30.2,power.Sub_metering_1,<,7.0,power.Global_reactive_power,=,0.122,power.Voltage,<,251.28,power.Sub_metering_3,=,17.0#534
power power##power.Sub_metering_1,>,50.0#503
power power##power.Sub_metering_1,=,46.0#18
power power##power.Sub_metering_1,>,58.0,power.Global_active_power,>,4.02#369
power power##power.Global_active_power,>,3.344,power.Sub_metering_2,<,18.0,power.Sub_metering_1,>,60.0,power.Global_reactive_power,>,0.8140000000000001,power.Voltage,<,243.83#2
power power##power.Sub_metering_2,<,39.0,power.Global_intensity,=,28.6#42
power power##power.Sub_metering_3,>,8.0#344602
power power##power.Global_active_power,<,7.676,power.Sub_metering_1,>,45.0,power.Global_intensity,>,8.0,power.Sub_metering_3,>,25.0#5
power power##power.Global_reactive_power,=,0.498,power.Sub_metering_3,<,20.0#160
power power##power.Global_intensity,>,14.4,power.Sub_metering_1,=,0.0#27514
power power##power.Sub_metering_2,>,47.0,power.Global_intensity,=,21.4,power.Sub_metering_3,>,5.0,power.Global_reactive_power,<,0.684#17
power power##power.Sub_metering_3,<,22.0,power.Global_reactive_power,<,0.396,power.Global_intensity,=,17.6#946
power power##power.Voltage,<,247.85#1039996
power power##power.Global_reactive_power,=,0.204,power.Sub_metering_3,<,8.0#3245
power power##power.Global_intensity,>,11.0#104497
power power##power.Voltage,<,239.21,power.Global_intensity,=,17.4#982
power power##power.Global_reactive_power,<,0.106,power.Sub_metering_2,<,7.0,power.Sub_metering_3,>,14.0,power.Sub_metering_1,<,51.0#176036
power power##power.Global_active_power,<,5.79,power.Sub_metering_3,<,11.0,power.Voltage,>,238.75,power.Global_intensity,<,14.4,power.Global_reactive_power,<,0.444,power.Sub_metering_2,<,7.0#525120
power power##power.Global_reactive_power,=,0.488,power.Sub_metering_1,<,69.0#182
power power##power.Sub_metering_2,>,30.0,power.Sub_metering_3,<,7.0#7812
power power##power.Global_active_power,<,1.8880000000000001#856394
power power##power.Global_reactive_power,<,0.45799999999999996#1033295
power power##power.Global_active_power,>,5.612#6137
power power##power.Sub_metering_3,<,13.0,power.Global_active_power,<,4.204,power.Global_reactive_power,<,0.7240000000000001,power.Global_intensity,<,18.4#705412
power power##power.Global_reactive_power,<,0.204#822678
power power##power.Voltage,<,247.66,power.Sub_metering_1,>,14.0,power.Global_active_power,<,1.798#275
power power##power.Voltage,>,226.44,power.Global_intensity,=,8.4#5773
power power##power.Global_intensity,>,29.4,power.Global_reactive_power,<,0.5579999999999999,power.Voltage,<,227.3,power.Sub_metering_1,<,49.0,power.Sub_metering_2,>,67.0#6
power power##power.Sub_metering_1,>,45.0#644
power power##power.Sub_metering_2,>,0.0,power.Voltage,>,244.65,power.Global_reactive_power,=,0.068#80
power power##power.Sub_metering_3,<,1.0,power.Global_reactive_power,>,0.35200000000000004,power.Global_active_power,>,5.763999999999999#123
power power##power.Global_reactive_power,>,0.648#1247
power power##power.Sub_metering_3,<,16.0,power.Global_intensity,<,36.4,power.Global_reactive_power,<,0.7340000000000001,power.Global_active_power,>,4.698#2265
power power##power.Sub_metering_3,<,27.0#1040899
power power##power.Global_active_power,>,0.532,power.Sub_metering_1,=,0.0,power.Global_reactive_power,=,0.046,power.Voltage,<,240.1#3208
power power##power.Voltage,=,238.36#1050
power power##power.Global_active_power,>,4.93,power.Global_intensity,>,30.6#983
power power##power.Global_intensity,<,40.4,power.Global_active_power,<,0.292#266390
power power##power.Global_reactive_power,<,0.8759999999999999,power.Sub_metering_2,=,50.0#19
power power##power.Global_active_power,>,6.098,power.Sub_metering_1,>,6.0#1928
power power##power.Sub_metering_2,=,52.0,power.Sub_metering_3,>,2.0,power.Global_active_power,>,4.084,power.Global_intensity,>,22.4#5
power power##power.Sub_metering_1,>,40.0,power.Sub_metering_2,<,9.0#1092
power power##power.Sub_metering_2,<,36.0,power.Sub_metering_1,<,63.0#1028298
power power##power.Sub_metering_3,<,9.0,power.Global_active_power,>,0.9359999999999999#113349
power power##power.Voltage,<,234.03,power.Sub_metering_1,<,9.0,power.Global_intensity,>,18.8,power.Sub_metering_3,>,18.0,power.Global_active_power,>,3.8#21
power power##power.Sub_metering_1,<,14.0,power.Global_intensity,>,30.2#338
power power##power.Global_intensity,=,33.4,power.Sub_metering_2,<,18.0,power.Global_active_power,>,6.192#7
power power##power.Global_active_power,=,3.472,power.Voltage,>,234.89#86
power power##power.Sub_metering_3,>,7.0#345254
power power##power.Sub_metering_1,<,29.0,power.Sub_metering_3,<,16.0,power.Sub_metering_2,>,44.0#636
power power##power.Voltage,<,235.66,power.Global_active_power,<,6.667999999999999,power.Sub_metering_3,=,10.0,power.Global_reactive_power,<,0.17600000000000002,power.Sub_metering_2,<,23.0#38
power power##power.Global_active_power,<,5.39,power.Global_reactive_power,=,0.68#12
power power##power.Voltage,<,249.09,power.Global_intensity,<,0.4,power.Sub_metering_1,<,70.0#11081
power power##power.Global_active_power,>,3.44,power.Voltage,=,229.54#9
power power##power.Global_intensity,=,38.6,power.Sub_metering_1,<,50.0,power.Global_active_power,>,2.0340000000000003#2
power power##power.Global_intensity,>,33.6,power.Sub_metering_2,>,37.0#184
power power##power.Sub_metering_1,>,15.0,power.Sub_metering_3,=,14.0,power.Global_reactive_power,<,0.456#16
power power##power.Sub_metering_3,<,17.0#725942
power power##power.Sub_metering_3,>,4.0,power.Voltage,>,243.94#11804
power power##power.Voltage,>,227.11#1044015
power power##power.Global_intensity,<,6.6#785488
power power##power.Sub_metering_3,<,12.0#704967
power power##power.Sub_metering_2,<,45.0,power.Voltage,>,251.57#12
power power##power.Global_intensity,=,26.8,power.Sub_metering_3,=,16.0#29
power power##power.Global_reactive_power,<,0.6759999999999999#1043575
power power##power.Global_reactive_power,>,0.732#516
power power##power.Sub_metering_3,=,23.0#159
power power##power.Global_active_power,<,4.724,power.Sub_metering_2,=,1.0,power.Sub_metering_3,=,24.0,power.Global_reactive_power,>,0.14400000000000002#23
power power##power.Global_reactive_power,>,0.532#4938
power power##power.Sub_metering_2,>,48.0#2406
power power##power.Sub_metering_2,<,3.0#997309
power power##power.Sub_metering_1,=,69.0#7
power power##power.Sub_metering_1,>,27.0#28802
power power##power.Global_active_power,>,0.518#531676
power power##power.Sub_metering_3,=,17.0#126671
power power##power.Global_intensity,<,3.4,power.Sub_metering_3,=,7.0#242
power power##power.Voltage,<,250.01,power.Global_reactive_power,=,0.778#6
power power##power.Global_reactive_power,>,0.406,power.Sub_metering_1,=,39.0,power.Sub_metering_3,<,21.0,power.Global_intensity,<,17.8,power.Global_active_power,>,4.122,power.Sub_metering_2,<,72.0#26
power power##power.Voltage,=,227.74#5
power power##power.Global_reactive_power,<,0.946,power.Sub_metering_3,>,4.0,power.Global_intensity,<,44.6,power.Sub_metering_2,>,26.0#15897
power power##power.Sub_metering_3,<,23.0,power.Voltage,<,237.0,power.Global_active_power,>,6.718#1407
power power##power.Voltage,<,232.24,power.Global_intensity,<,32.2#16908
power power##power.Global_intensity,>,1.2#774595
power power##power.Global_reactive_power,=,0.86,power.Voltage,>,227.69#8
power power##power.Voltage,>,243.79#113609
power power##power.Global_intensity,=,7.0,power.Sub_metering_3,=,25.0,power.Voltage,>,238.44#2
power power##power.Global_intensity,=,27.4#114
power power##power.Sub_metering_2,<,35.0,power.Global_intensity,=,4.8#6764
power power##power.Global_active_power,>,6.64#1659
power power##power.Global_active_power,=,3.884#71
power power##power.Global_active_power,=,2.568,power.Voltage,>,230.48,power.Sub_metering_2,<,64.0,power.Sub_metering_1,<,17.0#155
power power##power.Global_intensity,>,23.8,power.Sub_metering_1,=,68.0#2
power power##power.Global_intensity,<,25.4,power.Global_active_power,<,5.096#1034071
power power##power.Voltage,=,242.61,power.Sub_metering_2,<,33.0,power.Global_active_power,<,5.1579999999999995,power.Global_intensity,<,38.2#1046
power power##power.Global_intensity,=,36.2,power.Sub_metering_1,>,53.0#1
power power##power.Sub_metering_2,>,57.0,power.Sub_metering_3,=,17.0,power.Sub_metering_1,<,30.0#949
power power##power.Sub_metering_1,>,30.0,power.Sub_metering_3,>,1.0,power.Sub_metering_2,<,8.0#16038
power power##power.Sub_metering_1,=,79.0,power.Global_active_power,>,3.8160000000000003#14
power power##power.Sub_metering_2,=,11.0#173
power power##power.Global_reactive_power,=,0.474,power.Sub_metering_2,<,65.0,power.Global_active_power,<,6.324#177
power power##power.Global_intensity,=,30.2#56
power power##power.Global_active_power,>,0.368,power.Global_intensity,<,43.0#641704
power power##power.Global_intensity,>,19.2,power.Voltage,<,241.94#17390
power power##power.Global_intensity,<,17.8,power.Sub_metering_2,>,0.0,power.Global_active_power,>,0.746,power.Sub_metering_1,>,10.0,power.Global_reactive_power,<,0.37799999999999995,power.Voltage,<,228.42#15
power power##power.Sub_metering_2,<,22.0,power.Sub_metering_3,<,24.0,power.Voltage,>,243.21#155189
power power##power.Voltage,>,231.25,power.Sub_metering_3,>,18.0,power.Sub_metering_1,>,35.0#366
power power##power.Global_active_power,>,1.3459999999999999,power.Global_intensity,>,4.6#361626
power power##power.Global_active_power,=,8.02#1
power power##power.Voltage,<,241.12,power.Sub_metering_1,=,42.0#113
power power##power.Voltage,>,246.15#22890
power power##power.Voltage,<,229.33,power.Sub_metering_3,<,8.0#740
power power##power.Sub_metering_2,>,25.0,power.Voltage,=,241.2,power.Global_active_power,<,7.816,power.Sub_metering_1,<,68.0,power.Global_intensity,<,35.6,power.Global_reactive_power,<,0.83#13
power power##power.Global_intensity,=,26.6,power.Global_reactive_power,<,0.77#167
power power##power.Global_intensity,<,30.4,power.Sub_metering_3,<,14.0,power.Sub_metering_1,<,37.0,power.Sub_metering_2,<,27.0#692531
power power##power.Global_active_power,=,0.758,power.Sub_metering_3,>,2.0#32
power power##power.Global_intensity,>,36.4,power.Sub_metering_2,<,19.0#26
power power##power.Global_intensity,>,3.6,power.Sub_metering_3,<,31.0,power.Global_active_power,>,7.292000000000001,power.Sub_metering_1,<,9.0,power.Global_reactive_power,<,0.392#172
power power##power.Global_intensity,=,6.8,power.Sub_metering_3,=,22.0#16
power power##power.Sub_metering_1,<,63.0#1044168
power power##power.Sub_metering_2,<,66.0,power.Global_reactive_power,<,0.594,power.Global_active_power,<,1.594,power.Voltage,=,236.49#383
power power##power.Global_intensity,<,34.8,power.Sub_metering_1,=,38.0#8612
power power##power.Global_intensity,<,26.2,power.Sub_metering_3,>,20.0,power.Global_active_power,>,0.514,power.Global_reactive_power,<,0.376#3975
power power##power.Global_reactive_power,<,0.396#1022894
power power##power.Sub_metering_1,=,37.0#8773
power power##power.Sub_metering_3,>,30.0,power.Sub_metering_2,<,69.0,power.Sub_metering_1,<,16.0,power.Global_reactive_power,<,0.966#23
power power##power.Voltage,<,238.82,power.Sub_metering_2,<,7.0,power.Global_reactive_power,>,0.24600000000000002,power.Global_active_power,<,3.364,power.Sub_metering_3,>,5.0,power.Sub_metering_1,>,38.0#2
power power##power.Voltage,=,233.26,power.Sub_metering_1,>,26.0,power.Global_active_power,<,4.01#12
power power##power.Global_reactive_power,>,0.344#40805
power power##power.Global_reactive_power,<,0.098,power.Global_active_power,>,6.718#341
power power##power.Global_intensity,<,27.2,power.Voltage,=,227.73#6
power power##power.Voltage,<,231.22,power.Sub_metering_1,=,6.0,power.Sub_metering_3,<,25.0,power.Global_intensity,<,28.0#1
power power##power.Global_active_power,<,0.17800000000000002,power.Voltage,<,239.43,power.Sub_metering_2,<,24.0,power.Sub_metering_1,<,58.0,power.Sub_metering_3,<,18.0#23163
power power##power.Sub_metering_2,<,22.0,power.Sub_metering_3,=,18.0#159630
power power##power.Sub_metering_1,>,4.0#33841
power power##power.Sub_metering_1,=,42.0,power.Sub_metering_2,=,25.0,power.Global_active_power,>,2.516#1
power power##power.Sub_metering_2,>,69.0,power.Global_active_power,>,2.7260000000000004#1483
power power##power.Global_active_power,<,2.424#918366
power power##power.Voltage,=,239.44#1028
power power##power.Sub_metering_3,<,24.0,power.Voltage,=,235.85#406
power power##power.Sub_metering_2,=,74.0,power.Global_reactive_power,<,0.8059999999999999,power.Voltage,<,235.17#12
power power##power.Global_reactive_power,>,0.506,power.Sub_metering_2,=,19.0,power.Global_active_power,<,7.972,power.Voltage,<,230.11#2
power power##power.Sub_metering_1,=,45.0,power.Global_intensity,=,24.6#1
power power##power.Global_reactive_power,<,0.9179999999999999#1044428
power power##power.Voltage,<,240.6,power.Global_reactive_power,>,0.494#6073
power power##power.Sub_metering_2,>,18.0#31775
power power##power.Global_active_power,<,0.9740000000000001,power.Sub_metering_3,<,2.0#586820
power power##power.Sub_metering_1,>,9.0,power.Global_active_power,>,6.452000000000001#1307
power power##power.Global_reactive_power,<,0.316,power.Voltage,<,231.11,power.Sub_metering_3,>,7.0,power.Sub_metering_1,<,74.0,power.Global_active_power,>,4.75,power.Sub_metering_2,>,49.0#159
power power##power.Sub_metering_1,<,60.0,power.Sub_metering_3,=,15.0,power.Sub_metering_2,=,7.0#1
power power##power.Global_reactive_power,<,0.096,power.Global_intensity,>,21.8#2584
power power##power.Global_active_power,<,2.986,power.Global_reactive_power,<,0.868,power.Sub_metering_3,>,7.0,power.Global_intensity,<,21.6,power.Voltage,>,238.82#157035
power power##power.Sub_metering_1,<,7.0,power.Voltage,<,244.53,power.Sub_metering_3,<,23.0,power.Sub_metering_2,<,67.0,power.Global_reactive_power,<,0.618#931247
power power##power.Global_active_power,>,4.558,power.Sub_metering_3,=,0.0,power.Voltage,<,238.71#2106
power power##power.Voltage,>,234.16,power.Sub_metering_2,=,33.0#543
power power##power.Voltage,>,231.03,power.Global_active_power,=,0.478,power.Sub_metering_1,<,56.0#1050
power power##power.Sub_metering_3,=,1.0#134922
power power##power.Global_intensity,<,38.2,power.Sub_metering_3,>,1.0#349198
power power##power.Sub_metering_1,=,10.0,power.Sub_metering_3,=,15.0#1
power power##power.Global_intensity,<,30.8,power.Sub_metering_2,>,8.0,power.Global_active_power,<,1.7519999999999998#1968
power power##power.Sub_metering_2,<,40.0,power.Global_active_power,<,1.568,power.Global_reactive_power,<,0.34#773762
power power##power.Sub_metering_1,>,6.0,power.Global_intensity,<,20.2#25553
power power##power.Sub_metering_2,=,33.0#705
power power##power.Sub_metering_1,<,58.0,power.Sub_metering_3,>,22.0#4245
power power##power.Global_reactive_power,<,0.20800000000000002,power.Sub_metering_3,<,24.0,power.Voltage,>,237.49,power.Sub_metering_1,=,74.0#1
power power##power.Sub_metering_3,=,15.0,power.Voltage,<,225.05,power.Global_intensity,<,22.6,power.Global_active_power,>,0.87#2
power power##power.Sub_metering_3,<,15.0,power.Sub_metering_1,<,44.0,power.Global_active_power,=,5.246#6
power power##power.Global_active_power,>,1.44#304665
power power##power.Global_intensity,>,38.6#65
power power##power.Sub_metering_1,>,0.0#85798
power power##power.Global_reactive_power,<,0.29#967714
power power##power.Sub_metering_3,>,25.0,power.Global_active_power,>,5.112#82
power power##power.Global_active_power,>,4.27,power.Voltage,<,244.71,power.Global_reactive_power,=,0.32#84
power power##power.Sub_metering_3,>,10.0,power.Sub_metering_1,=,45.0,power.Global_active_power,>,1.224,power.Global_reactive_power,>,0.332,power.Voltage,>,234.04#8
power power##power.Sub_metering_1,=,0.0#958708
power power##power.Sub_metering_1,<,69.0,power.Global_reactive_power,>,0.544,power.Sub_metering_2,>,13.0#764
power power##power.Global_active_power,>,7.068,power.Global_reactive_power,>,0.24600000000000002,power.Sub_metering_2,<,63.0,power.Sub_metering_3,<,9.0,power.Sub_metering_1,>,28.0#27
power power##power.Global_active_power,<,5.234,power.Global_intensity,<,5.4#645512
power power##power.Sub_metering_2,<,33.0#1024599
power power##power.Sub_metering_3,>,4.0,power.Global_intensity,<,32.6#346666
power power##power.Global_reactive_power,>,0.498,power.Sub_metering_3,=,24.0#5
power power##power.Sub_metering_2,<,42.0,power.Sub_metering_3,<,17.0#724908
power power##power.Global_reactive_power,<,0.302,power.Global_intensity,<,15.8,power.Voltage,<,245.67#913039
power power##power.Global_intensity,>,35.4,power.Voltage,<,240.15#157
power power##power.Sub_metering_2,<,55.0,power.Voltage,<,240.06,power.Global_active_power,<,3.384,power.Global_reactive_power,=,0.406,power.Global_intensity,<,36.6,power.Sub_metering_1,>,3.0#19
power power##power.Voltage,>,237.59#814621
power power##power.Sub_metering_3,<,28.0,power.Sub_metering_1,=,2.0#9429
power power##power.Sub_metering_1,=,40.0#477
power power##power.Sub_metering_3,=,28.0,power.Sub_metering_2,>,16.0,power.Global_reactive_power,<,0.36#34
power power##power.Voltage,<,239.97,power.Global_intensity,>,23.8,power.Global_active_power,>,4.678,power.Sub_metering_3,<,19.0#6127
power power##power.Sub_metering_3,>,21.0,power.Voltage,<,240.48,power.Global_reactive_power,<,0.674,power.Global_intensity,<,21.4,power.Sub_metering_2,<,35.0#3757
power power##power.Voltage,>,241.08,power.Sub_metering_1,=,5.0#31
power power##power.Sub_metering_2,<,32.0,power.Global_reactive_power,<,0.49200000000000005,power.Sub_metering_3,<,21.0,power.Sub_metering_1,=,42.0,power.Global_active_power,>,3.9760000000000004#91
power power##power.Global_active_power,>,2.822#89244
power power##power.Global_reactive_power,<,1.198,power.Global_active_power,<,5.774,power.Voltage,>,231.82,power.Sub_metering_1,<,73.0,power.Sub_metering_3,>,3.0#334721
power power##power.Voltage,=,228.83,power.Sub_metering_2,<,48.0,power.Global_intensity,<,43.0#11
power power##power.Global_intensity,=,27.2#113
power power##power.Global_intensity,>,8.6,power.Global_active_power,>,0.748,power.Sub_metering_2,=,73.0#321
power power##power.Global_intensity,=,11.0,power.Global_active_power,<,6.602,power.Sub_metering_2,<,38.0,power.Sub_metering_3,>,9.0#2476
power power##power.Sub_metering_3,<,18.0#852613
power power##power.Global_active_power,>,4.01#28949
power power##power.Sub_metering_1,=,36.0,power.Voltage,<,239.72#3737
power power##power.Sub_metering_1,<,76.0,power.Global_intensity,<,6.0#728072
power power##power.Global_active_power,>,0.41600000000000004,power.Sub_metering_2,<,48.0,power.Voltage,<,244.54#561092
power power##power.Global_reactive_power,=,0.424,power.Sub_metering_3,=,4.0#1
power power##power.Global_reactive_power,>,0.302,power.Voltage,>,244.33,power.Global_intensity,<,7.6,power.Sub_metering_1,<,45.0#1810
power power##power.Global_active_power,=,4.066,power.Global_reactive_power,>,0.34600000000000003,power.Sub_metering_3,<,9.0#2
power power##power.Sub_metering_1,<,50.0,power.Voltage,=,229.23,power.Global_active_power,>,0.998#14
power power##power.Sub_metering_2,=,32.0#728
power power##power.Voltage,<,231.08,power.Global_active_power,>,2.6519999999999997,power.Sub_metering_3,=,28.0#3
power power##power.Global_reactive_power,=,0.602#48
power power##power.Global_intensity,=,13.6,power.Global_reactive_power,>,0.762#2
power power##power.Sub_metering_2,=,31.0#760
power power##power.Global_reactive_power,>,0.41200000000000003#17834
power power##power.Sub_metering_3,=,21.0#162
power power##power.Sub_metering_2,=,4.0#3633
power power##power.Sub_metering_2,>,71.0#1002
power power##power.Voltage,>,229.84#1041366
power power##power.Sub_metering_3,=,16.0,power.Global_active_power,<,4.7780000000000005,power.Sub_metering_2,<,50.0,power.Global_intensity,<,20.8,power.Voltage,>,243.64#13
power power##power.Sub_metering_2,<,58.0#1042354
power power##power.Voltage,<,245.63,power.Global_active_power,<,8.036,power.Sub_metering_2,>,4.0,power.Global_intensity,<,7.4,power.Sub_metering_1,<,19.0#3316
power power##power.Global_intensity,>,9.4,power.Sub_metering_2,>,39.0,power.Sub_metering_1,<,19.0#2909
power power##power.Sub_metering_3,>,3.0#347964
power power##power.Global_reactive_power,<,0.8079999999999999,power.Global_intensity,<,22.6,power.Sub_metering_2,=,44.0,power.Global_active_power,<,6.852#12
power power##power.Global_intensity,<,16.0,power.Sub_metering_1,=,10.0#186
power power##power.Global_active_power,>,2.84,power.Global_intensity,>,0.4,power.Voltage,>,246.68,power.Sub_metering_1,<,77.0,power.Global_reactive_power,<,0.742#16
power power##power.Sub_metering_2,=,15.0#306
power power##power.Sub_metering_3,=,21.0,power.Sub_metering_2,<,29.0#157
power power##power.Global_intensity,>,33.2,power.Sub_metering_1,>,5.0#370
power power##power.Sub_metering_3,=,8.0#652
power power##power.Sub_metering_3,=,29.0,power.Voltage,<,241.95,power.Global_reactive_power,<,0.36200000000000004,power.Global_active_power,>,2.57#339
power power##power.Global_intensity,<,0.8#48801
power power##power.Global_intensity,>,1.4,power.Global_reactive_power,<,0.652,power.Sub_metering_3,<,8.0,power.Voltage,>,228.58#343531
power power##power.Sub_metering_3,<,31.0,power.Global_intensity,=,30.6#72
power power##power.Sub_metering_2,>,1.0,power.Global_intensity,>,9.4#43423
power power##power.Sub_metering_3,=,7.0#684
power power##power.Sub_metering_2,<,25.0#1017414
power power##power.Global_reactive_power,>,1.06#17
power power##power.Sub_metering_1,>,32.0#27635
power power##power.Global_reactive_power,=,0.644#32
power power##power.Sub_metering_3,=,28.0,power.Sub_metering_1,>,13.0,power.Global_active_power,>,2.224#85
power power##power.Global_intensity,<,29.4#1043117
power power##power.Global_active_power,<,1.4380000000000002#738819
power power##power.Voltage,<,227.02,power.Global_intensity,<,37.6,power.Sub_metering_1,<,76.0#438
power power##power.Global_intensity,>,10.6,power.Sub_metering_1,=,29.0#201
power power##power.Voltage,=,250.01#2
power power##power.Global_active_power,>,5.146#9893
power power##power.Sub_metering_2,<,39.0#1040260
power power##power.Sub_metering_1,<,54.0,power.Sub_metering_2,<,68.0,power.Sub_metering_3,=,26.0,power.Global_reactive_power,>,0.42200000000000004,power.Global_intensity,<,25.0#5
power power##power.Sub_metering_2,<,34.0#1025304
power power##power.Sub_metering_1,<,12.0,power.Global_intensity,=,14.2#2067
power power##power.Sub_metering_2,<,53.0,power.Global_intensity,<,23.8,power.Global_active_power,=,2.668,power.Global_reactive_power,<,0.29600000000000004,power.Voltage,<,244.31#162
power power##power.Voltage,>,225.71,power.Sub_metering_2,<,49.0,power.Sub_metering_1,>,32.0,power.Global_intensity,=,37.0#2
power power##power.Sub_metering_2,<,3.0,power.Global_intensity,<,9.6,power.Global_reactive_power,<,0.5920000000000001,power.Sub_metering_3,=,21.0,power.Sub_metering_1,<,19.0,power.Global_active_power,>,0.846#114
power power##power.Sub_metering_3,=,26.0#163
power power##power.Global_intensity,>,25.6,power.Sub_metering_1,>,38.0,power.Sub_metering_3,>,25.0,power.Global_active_power,>,3.958#4
power power##power.Sub_metering_1,=,59.0,power.Sub_metering_3,<,26.0,power.Global_reactive_power,<,0.252,power.Global_intensity,<,34.0#2
power power##power.Sub_metering_1,>,28.0,power.Global_reactive_power,>,0.122,power.Global_intensity,>,29.4#645
power power##power.Sub_metering_1,<,53.0,power.Sub_metering_3,=,16.0,power.Global_active_power,<,7.85,power.Voltage,<,251.52#14326
power power##power.Sub_metering_2,=,40.0#320
power power##power.Global_intensity,<,26.8#1041809
power power##power.Sub_metering_2,<,17.0#1010999
power power##power.Sub_metering_1,>,76.0,power.Global_reactive_power,<,0.322#31
power power##power.Global_active_power,>,7.303999999999999#845
power power##power.Sub_metering_2,=,51.0,power.Global_reactive_power,<,0.46,power.Global_intensity,<,43.0#31
power power##power.Global_active_power,>,2.9360000000000004,power.Global_intensity,=,31.8,power.Sub_metering_3,>,12.0,power.Voltage,<,238.77,power.Global_reactive_power,>,0.18600000000000003,power.Sub_metering_2,>,55.0#6
power power##power.Global_reactive_power,<,0.856#1044352
power power##power.Global_intensity,<,24.0,power.Sub_metering_3,>,27.0#3290
power power##power.Global_intensity,=,25.2,power.Sub_metering_1,<,67.0,power.Sub_metering_3,=,12.0#1
power power##power.Global_intensity,<,37.6,power.Sub_metering_3,=,24.0#156
power power##power.Global_active_power,>,6.276#2601
power power##power.Global_active_power,>,2.436,power.Sub_metering_3,>,21.0#1431
power power##power.Global_intensity,<,3.4#567252
power power##power.Global_active_power,>,0.292,power.Global_intensity,=,18.6,power.Voltage,=,234.65,power.Global_reactive_power,<,0.348#2
power power##power.Global_active_power,<,5.636#1038519
power power##power.Voltage,<,225.72#100
power power##power.Global_reactive_power,<,0.982,power.Global_active_power,>,7.76,power.Sub_metering_3,<,15.0,power.Voltage,<,233.51#7
power power##power.Global_active_power,<,3.528,power.Voltage,>,238.63#709749
power power##power.Sub_metering_2,=,6.0#706
power power##power.Global_reactive_power,>,0.414#17465
power power##power.Global_intensity,>,41.2#21
power power##power.Global_active_power,<,5.367999999999999#1036537
power power##power.Sub_metering_2,>,22.0,power.Global_intensity,<,28.8,power.Sub_metering_3,<,18.0,power.Global_active_power,>,1.696#21489
power power##power.Global_active_power,>,4.394,power.Sub_metering_2,<,42.0#17490
power power##power.Global_active_power,>,4.07#27321
power power##power.Sub_metering_3,<,16.0,power.Voltage,<,230.41#1363
power power##power.Global_reactive_power,=,0.912,power.Sub_metering_3,<,15.0,power.Global_active_power,>,0.55#2
power power##power.Global_intensity,<,23.4,power.Voltage,=,229.58#20
power power##power.Global_intensity,>,18.0,power.Global_reactive_power,>,0.0,power.Voltage,>,243.15#49
power power##power.Global_reactive_power,<,0.5,power.Voltage,>,241.72,power.Global_intensity,>,12.0#3175
power power##power.Sub_metering_3,<,5.0,power.Sub_metering_1,>,6.0#12121
power power##power.Voltage,=,242.8#999
power power##power.Sub_metering_2,<,57.0,power.Voltage,=,232.0#125
power power##power.Sub_metering_2,=,54.0#31
power power##power.Global_active_power,<,3.85,power.Sub_metering_3,<,30.0,power.Voltage,<,237.74#215351
power power##power.Global_reactive_power,=,0.946,power.Sub_metering_1,<,34.0,power.Sub_metering_3,<,31.0,power.Global_active_power,<,6.358#1
power power##power.Global_intensity,=,13.8,power.Sub_metering_2,<,76.0#2371
power power##power.Global_intensity,>,8.6,power.Voltage,<,233.81,power.Sub_metering_3,>,8.0#14582
power power##power.Global_active_power,<,8.036#1044275
power power##power.Global_active_power,>,0.588,power.Voltage,<,228.42,power.Sub_metering_3,=,15.0,power.Sub_metering_2,>,19.0#29
power power##power.Voltage,<,251.15#1044469
power power##power.Global_active_power,>,3.94,power.Global_reactive_power,<,0.18#14570
power power##power.Global_reactive_power,<,0.136,power.Sub_metering_2,>,37.0#3060
power power##power.Global_reactive_power,=,0.578,power.Sub_metering_2,=,1.0,power.Sub_metering_1,<,37.0#13
power power##power.Sub_metering_3,=,3.0,power.Global_reactive_power,<,0.34600000000000003,power.Sub_metering_2,<,51.0,power.Voltage,<,248.19#606
power power##power.Global_reactive_power,>,0.28#82212
power power##power.Sub_metering_2,>,3.0#42942
power power##power.Voltage,>,236.87#865792
power power##power.Global_active_power,=,6.704#4
power power##power.Sub_metering_1,<,24.0,power.Sub_metering_2,<,10.0,power.Global_reactive_power,<,1.006,power.Global_active_power,<,8.388,power.Global_intensity,=,32.6#2
power power##power.Sub_metering_3,>,0.0,power.Sub_metering_2,>,55.0#1773
power power##power.Voltage,<,246.84#1031857
power power##power.Sub_metering_1,=,52.0#22
power power##power.Voltage,<,241.72,power.Global_intensity,<,16.2,power.Sub_metering_2,<,20.0,power.Sub_metering_3,=,3.0,power.Sub_metering_1,>,17.0,power.Global_active_power,<,6.6#8
power power##power.Global_active_power,>,5.978#3765
power power##power.Global_intensity,>,27.8#1905
power power##power.Global_reactive_power,<,0.7759999999999999,power.Sub_metering_3,<,24.0,power.Global_active_power,<,6.386,power.Voltage,=,244.93#432
power power##power.Global_reactive_power,>,0.578,power.Voltage,<,245.46,power.Global_active_power,>,0.268#2789
power power##power.Voltage,=,229.37#12
power power##power.Sub_metering_2,<,67.0#1042792
power power##power.Global_active_power,<,1.266#638919
power power##power.Sub_metering_2,=,29.0,power.Global_reactive_power,<,0.99,power.Global_active_power,>,0.124,power.Sub_metering_1,<,1.0#809
power power##power.Global_intensity,<,43.2,power.Sub_metering_2,=,30.0,power.Sub_metering_3,=,19.0#10
power power##power.Sub_metering_1,=,30.0,power.Sub_metering_2,<,41.0,power.Global_active_power,<,2.314#22
power power##power.Sub_metering_2,<,30.0,power.Global_active_power,=,6.63,power.Global_reactive_power,<,1.04#1
power power##power.Sub_metering_1,=,59.0#7
power power##power.Global_intensity,=,26.4#145
power power##power.Global_intensity,<,18.4,power.Sub_metering_2,<,36.0#1013356
power power##power.Voltage,=,245.19#315
power power##power.Sub_metering_2,>,21.0,power.Global_active_power,>,0.41#29415
power power##power.Global_active_power,<,6.692,power.Voltage,=,243.89#503
power power##power.Global_active_power,>,1.466,power.Voltage,<,226.17,power.Global_reactive_power,<,0.636,power.Sub_metering_2,<,11.0#35
power power##power.Sub_metering_1,<,45.0,power.Sub_metering_3,<,30.0,power.Sub_metering_2,=,78.0,power.Global_reactive_power,>,0.20199999999999999#1
power power##power.Global_intensity,<,11.0,power.Global_reactive_power,=,0.098,power.Sub_metering_1,=,37.0,power.Voltage,<,242.6#1
power power##power.Global_intensity,<,17.0#1014773
power power##power.Sub_metering_3,>,10.0#343034
power power##power.Sub_metering_3,<,20.0#1039650
power power##power.Sub_metering_1,<,21.0,power.Sub_metering_2,>,36.0,power.Global_intensity,=,28.4#18
power power##power.Sub_metering_1,=,65.0#4
power power##power.Global_active_power,=,7.982#1
power power##power.Global_reactive_power,=,0.136#4698
power power##power.Voltage,>,224.68,power.Global_reactive_power,<,0.742,power.Sub_metering_2,>,3.0,power.Global_active_power,<,7.694,power.Sub_metering_3,>,9.0#25040
power power##power.Sub_metering_2,<,63.0,power.Global_intensity,>,12.2,power.Sub_metering_3,<,5.0#15060
power power##power.Sub_metering_3,=,0.0,power.Voltage,=,239.07#552
power power##power.Sub_metering_2,=,38.0,power.Global_reactive_power,>,0.264,power.Voltage,>,230.17#710
power power##power.Sub_metering_3,<,8.0#699252
power power##power.Global_active_power,=,4.604,power.Sub_metering_2,<,8.0,power.Global_reactive_power,>,0.39799999999999996,power.Voltage,>,232.27,power.Sub_metering_3,>,10.0#4
power power##power.Sub_metering_2,=,45.0#26
power power##power.Sub_metering_3,<,28.0,power.Sub_metering_1,<,58.0,power.Voltage,=,247.2#70
power power##power.Global_active_power,>,6.2139999999999995#2810
power power##power.Sub_metering_1,>,6.0,power.Voltage,>,244.48#159
power power##power.Global_reactive_power,<,0.258#940526
power power##power.Global_reactive_power,>,0.3,power.Voltage,>,243.85,power.Sub_metering_1,<,40.0#3024
power power##power.Sub_metering_2,>,5.0#36714
power power##power.Global_intensity,<,35.6,power.Sub_metering_2,<,77.0,power.Voltage,>,240.84,power.Sub_metering_3,>,30.0#10
power power##power.Sub_metering_1,<,71.0,power.Sub_metering_2,=,39.0,power.Global_intensity,>,17.6,power.Voltage,<,232.83#23
power power##power.Sub_metering_3,=,3.0#644
power power##power.Sub_metering_3,=,6.0#695
power power##power.Global_active_power,=,2.012#218
power power##power.Sub_metering_3,>,5.0,power.Sub_metering_2,<,58.0#345006
power power##power.Sub_metering_2,=,12.0,power.Voltage,>,238.7#78
power power##power.Sub_metering_3,<,14.0#710782
power power##power.Global_active_power,<,3.528#993722
power power##power.Voltage,=,240.27,power.Global_intensity,>,14.6,power.Sub_metering_2,<,45.0,power.Global_active_power,>,3.9760000000000004,power.Global_reactive_power,<,0.28800000000000003,power.Sub_metering_1,<,74.0#15
power power##power.Sub_metering_3,<,14.0,power.Voltage,>,241.6#275643
power power##power.Sub_metering_2,>,70.0,power.Global_reactive_power,>,0.12,power.Voltage,>,238.19#71
power power##power.Global_reactive_power,<,0.87,power.Sub_metering_1,=,32.0#246
power power##power.Global_active_power,>,1.744,power.Sub_metering_2,=,44.0,power.Sub_metering_3,>,2.0,power.Global_intensity,>,19.4#10
power power##power.Sub_metering_3,<,27.0,power.Sub_metering_1,>,76.0#41
power power##power.Voltage,<,232.64#22455
power power##power.Sub_metering_1,=,47.0,power.Voltage,<,237.96#13
power power##power.Voltage,<,238.16,power.Sub_metering_3,>,28.0#1026
power power##power.Sub_metering_3,=,8.0,power.Sub_metering_2,<,69.0,power.Global_reactive_power,<,0.434,power.Global_active_power,<,1.854#547
power power##power.Global_reactive_power,<,1.09,power.Voltage,<,231.73,power.Sub_metering_1,<,38.0#11834
power power##power.Voltage,>,224.58,power.Global_reactive_power,>,0.35200000000000004,power.Global_intensity,>,38.0#33
power power##power.Sub_metering_3,<,23.0,power.Sub_metering_1,=,35.0,power.Global_intensity,>,9.4#993
power power##power.Global_intensity,<,38.0,power.Voltage,<,232.35,power.Sub_metering_3,<,7.0#5064
power power##power.Global_active_power,>,7.78,power.Global_reactive_power,>,0.3,power.Sub_metering_1,>,16.0,power.Sub_metering_3,>,12.0,power.Sub_metering_2,=,4.0#1
power power##power.Sub_metering_2,<,25.0,power.Sub_metering_3,<,31.0#1017391
power power##power.Sub_metering_3,=,15.0#371
power power##power.Sub_metering_3,<,1.0,power.Global_reactive_power,=,0.214,power.Sub_metering_2,>,66.0,power.Sub_metering_1,<,9.0,power.Global_active_power,>,3.47,power.Voltage,>,230.91#1
power power##power.Voltage,>,238.77,power.Sub_metering_3,<,21.0,power.Global_intensity,<,27.8,power.Global_active_power,>,1.5519999999999998#110964
power power##power.Voltage,<,249.92,power.Sub_metering_3,<,11.0,power.Global_reactive_power,>,0.444#5240
power power##power.Global_intensity,<,36.2,power.Sub_metering_3,>,4.0,power.Global_reactive_power,<,1.002,power.Voltage,<,229.47#1590
power power##power.Global_active_power,>,5.324#8307
power power##power.Global_reactive_power,<,0.524,power.Global_intensity,>,35.4#129
power power##power.Global_reactive_power,<,0.078,power.Voltage,<,238.08#102138
power power##power.Global_intensity,<,37.4,power.Global_active_power,<,6.747999999999999,power.Sub_metering_3,=,18.0#165215
power power##power.Sub_metering_3,<,25.0#1040572
power power##power.Sub_metering_3,<,26.0,power.Global_active_power,>,3.708#40452
power power##power.Global_active_power,<,4.706#1029476
power power##power.Global_intensity,<,41.2,power.Sub_metering_2,=,14.0#256
power power##power.Voltage,>,232.38,power.Sub_metering_3,<,30.0#1024910
power power##power.Voltage,>,242.47,power.Sub_metering_3,=,20.0#86
power power##power.Sub_metering_3,=,10.0#893
power power##power.Voltage,>,237.3,power.Global_active_power,<,1.82#720274
power power##power.Sub_metering_1,=,73.0,power.Global_intensity,<,28.6#22
power power##power.Sub_metering_1,>,4.0,power.Global_active_power,<,3.674,power.Global_intensity,<,22.0#14780
power power##power.Sub_metering_3,=,31.0,power.Global_active_power,<,6.13,power.Global_intensity,<,24.0,power.Global_reactive_power,<,0.644,power.Voltage,<,245.7#23
power power##power.Sub_metering_1,>,59.0#362
power power##power.Sub_metering_1,>,58.0#369
power power##power.Sub_metering_3,>,28.0#2234
power power##power.Sub_metering_1,<,40.0#1042857
power power##power.Sub_metering_3,<,8.0,power.Global_reactive_power,<,0.85#699196
power power##power.Global_active_power,>,2.986,power.Sub_metering_3,>,5.0#64223
power power##power.Sub_metering_2,>,19.0#30956
power power##power.Global_active_power,>,7.553999999999999#620
power power##power.Global_intensity,=,37.6#1
power power##power.Global_intensity,<,17.8,power.Voltage,<,238.18,power.Global_reactive_power,<,0.56,power.Sub_metering_3,>,23.0,power.Sub_metering_1,<,11.0,power.Sub_metering_2,<,45.0#1950
power power##power.Global_reactive_power,<,0.084,power.Sub_metering_3,<,21.0,power.Sub_metering_2,=,5.0#244
power power##power.Global_reactive_power,<,0.504#1037701
power power##power.Sub_metering_1,>,43.0,power.Voltage,>,240.56,power.Global_reactive_power,<,0.272#12
power power##power.Global_reactive_power,<,0.23600000000000002,power.Voltage,<,250.27#907762
power power##power.Global_intensity,=,13.8,power.Global_reactive_power,<,0.61,power.Global_active_power,<,6.364#2356
power power##power.Sub_metering_3,<,5.0#697222
power power##power.Voltage,<,248.76,power.Global_intensity,=,44.4,power.Sub_metering_1,<,71.0#1
power power##power.Sub_metering_3,=,24.0#156
power power##power.Global_active_power,>,4.7139999999999995,power.Sub_metering_3,>,27.0#106
power power##power.Sub_metering_2,<,12.0#1009551
power power##power.Voltage,<,249.55,power.Sub_metering_3,<,21.0,power.Sub_metering_1,<,67.0#1039189
power power##power.Global_reactive_power,>,0.264#95352
power power##power.Global_reactive_power,=,0.26#2286
power power##power.Global_active_power,<,5.372000000000001,power.Voltage,<,227.84#695
power power##power.Global_active_power,<,5.997999999999999,power.Voltage,<,236.92,power.Global_reactive_power,>,0.584,power.Sub_metering_3,<,13.0,power.Sub_metering_1,=,17.0#2
power power##power.Sub_metering_2,<,9.0,power.Voltage,>,251.34,power.Sub_metering_1,<,42.0#20
power power##power.Voltage,=,231.41#89
power power##power.Sub_metering_3,<,20.0,power.Voltage,>,230.25,power.Sub_metering_2,=,7.0#311
power power##power.Global_active_power,=,3.648#110
power power##power.Sub_metering_1,<,38.0,power.Voltage,>,233.98#982918
power power##power.Sub_metering_1,<,65.0,power.Global_intensity,=,1.2,power.Global_active_power,>,0.11,power.Sub_metering_2,<,12.0,power.Voltage,=,240.96#110
power power##power.Global_reactive_power,<,0.06,power.Sub_metering_1,<,60.0,power.Sub_metering_2,<,52.0,power.Global_intensity,=,29.2,power.Sub_metering_3,<,26.0#6
power power##power.Global_reactive_power,<,0.532,power.Voltage,>,236.96#856712
power power##power.Global_active_power,>,0.16399999999999998#989408
power power##power.Global_intensity,<,21.0,power.Voltage,<,246.72,power.Global_active_power,<,2.46#908780
power power##power.Global_reactive_power,<,0.462,power.Global_intensity,=,35.8#6
power power##power.Voltage,>,230.91,power.Global_intensity,>,34.2,power.Global_reactive_power,<,0.584#148
power power##power.Global_intensity,<,34.8,power.Voltage,<,238.81#342454
power power##power.Global_reactive_power,<,0.184,power.Sub_metering_3,=,29.0#619
power power##power.Sub_metering_3,>,25.0,power.Voltage,>,233.84,power.Global_active_power,>,1.4280000000000002,power.Sub_metering_2,<,63.0,power.Global_reactive_power,=,0.124,power.Global_intensity,<,17.4#7
power power##power.Global_intensity,>,29.4,power.Sub_metering_2,<,12.0#306
power power##power.Voltage,>,226.82,power.Global_reactive_power,<,0.14400000000000002,power.Sub_metering_2,=,34.0#455
power power##power.Voltage,<,233.72,power.Sub_metering_1,>,36.0,power.Global_intensity,>,21.8,power.Sub_metering_3,<,11.0#135
power power##power.Sub_metering_1,>,3.0,power.Global_reactive_power,=,0.956#1
power power##power.Sub_metering_2,>,15.0,power.Global_active_power,<,3.3339999999999996,power.Global_intensity,=,15.2,power.Sub_metering_3,<,11.0,power.Global_reactive_power,<,0.49200000000000005#1
power power##power.Global_reactive_power,=,0.728#7
power power##power.Sub_metering_1,<,48.0,power.Sub_metering_3,<,5.0#697018
power power##power.Sub_metering_3,>,14.0#333465
power power##power.Sub_metering_3,=,10.0#893
power power##power.Sub_metering_2,>,34.0,power.Global_reactive_power,<,0.14400000000000002,power.Global_active_power,<,4.532,power.Sub_metering_3,=,17.0#2011
power power##power.Sub_metering_3,<,4.0#696542
power power##power.Sub_metering_3,<,25.0#1040572
power power##power.Global_intensity,>,10.0#127965
power power##power.Global_intensity,>,38.8#60
power power##power.Sub_metering_3,=,17.0#126671
power power##power.Sub_metering_1,=,74.0,power.Sub_metering_3,<,17.0,power.Sub_metering_2,<,35.0#19
power power##power.Voltage,<,231.73#12189
power power##power.Global_active_power,>,3.36,power.Sub_metering_1,=,1.0#4619
power power##power.Sub_metering_1,<,47.0,power.Sub_metering_2,>,31.0,power.Global_intensity,<,44.4#20613
power power##power.Sub_metering_3,<,30.0,power.Voltage,<,239.74#455226
power power##power.Sub_metering_1,<,24.0,power.Global_reactive_power,=,0.12,power.Sub_metering_3,>,0.0,power.Global_active_power,>,0.996#1783
power power##power.Sub_metering_2,=,11.0#173
power power##power.Voltage,>,239.75#586299
power power##power.Voltage,<,246.67,power.Global_intensity,>,15.6,power.Global_active_power,>,1.518,power.Sub_metering_1,=,51.0#44
power power##power.Sub_metering_1,<,7.0#1011084
power power##power.Global_reactive_power,<,0.526,power.Sub_metering_3,>,21.0,power.Voltage,>,228.57#4275
power power##power.Global_reactive_power,>,0.45,power.Voltage,=,236.73,power.Sub_metering_3,>,2.0#11
power power##power.Sub_metering_1,=,2.0#9493
power power##power.Sub_metering_2,>,11.0,power.Global_reactive_power,<,0.606,power.Voltage,=,243.13,power.Global_active_power,>,0.16399999999999998#10
power power##power.Sub_metering_3,<,31.0,power.Global_reactive_power,=,0.568#100
power power##power.Sub_metering_1,>,9.0,power.Global_active_power,>,1.0859999999999999,power.Global_intensity,>,1.4,power.Sub_metering_2,<,48.0#32464
power power##power.Sub_metering_3,>,4.0,power.Global_intensity,<,21.6,power.Global_reactive_power,>,0.302,power.Sub_metering_2,=,24.0#75
power power##power.Sub_metering_3,>,13.0,power.Sub_metering_2,>,24.0,power.Voltage,=,232.89#11
power power##power.Global_active_power,>,7.254,power.Sub_metering_1,>,69.0,power.Voltage,<,233.36#57
power power##power.Sub_metering_3,>,5.0,power.Voltage,>,245.15#4313
power power##power.Sub_metering_3,=,20.0,power.Global_active_power,>,1.09#296
power power##power.Voltage,>,235.98,power.Sub_metering_1,>,39.0#768
power power##power.Global_reactive_power,>,0.242#125057
power power##power.Voltage,=,245.71,power.Sub_metering_2,>,0.0#47
power power##power.Voltage,>,241.69#315676
power power##power.Global_reactive_power,=,0.162#2902
power power##power.Global_active_power,<,7.497999999999999,power.Sub_metering_1,>,44.0#592
power power##power.Voltage,<,237.42,power.Global_active_power,>,5.627999999999999,power.Global_reactive_power,=,0.594,power.Sub_metering_3,>,0.0,power.Global_intensity,>,19.8#3
power power##power.Voltage,>,227.24,power.Global_reactive_power,=,0.276,power.Sub_metering_2,>,6.0,power.Global_intensity,>,32.6#3
power power##power.Global_active_power,<,3.78,power.Sub_metering_2,<,71.0,power.Global_intensity,<,12.2,power.Voltage,=,228.6#3
power power##power.Global_active_power,>,5.596#6251
power power##power.Sub_metering_3,=,22.0#149
power power##power.Sub_metering_2,=,2.0,power.Global_reactive_power,=,0.486#29
power power##power.Sub_metering_3,>,24.0,power.Sub_metering_2,<,73.0,power.Global_reactive_power,>,0.3,power.Global_active_power,<,2.24,power.Global_intensity,>,4.2,power.Sub_metering_1,<,79.0#354
power power##power.Sub_metering_2,=,20.0,power.Sub_metering_1,<,32.0,power.Global_reactive_power,<,0.5820000000000001,power.Global_intensity,<,21.6#649
power power##power.Sub_metering_1,<,10.0,power.Global_active_power,>,2.844#60333
power power##power.Global_intensity,<,32.0,power.Global_reactive_power,>,0.174,power.Sub_metering_1,<,38.0,power.Voltage,>,231.37#269898
power power##power.Voltage,>,250.8#75
power power##power.Global_reactive_power,>,0.24600000000000002,power.Sub_metering_3,>,0.0#68658
power power##power.Global_active_power,>,5.4,power.Sub_metering_2,<,12.0#3049
power power##power.Global_intensity,<,42.0,power.Sub_metering_2,<,54.0,power.Voltage,=,234.47,power.Sub_metering_1,>,15.0,power.Global_reactive_power,>,0.23,power.Sub_metering_3,>,5.0#6
power power##power.Voltage,=,252.09,power.Global_intensity,<,3.8#1
power power##power.Global_intensity,=,34.4#36
power power##power.Sub_metering_3,<,24.0#1040416
power power##power.Global_reactive_power,=,0.264#1910
power power##power.Global_reactive_power,>,0.302#68168
power power##power.Global_intensity,>,40.4,power.Global_reactive_power,>,0.496,power.Sub_metering_3,>,15.0,power.Sub_metering_1,>,55.0#7
power power##power.Sub_metering_1,=,34.0#317
power power##power.Sub_metering_3,=,2.0,power.Global_intensity,>,17.8,power.Global_active_power,<,5.808#8
power power##power.Global_intensity,=,28.8#71
power power##power.Voltage,<,246.74,power.Global_active_power,=,6.182,power.Global_reactive_power,<,0.434,power.Sub_metering_3,<,12.0#2
power power##power.Sub_metering_3,>,1.0,power.Global_reactive_power,>,0.8140000000000001,power.Voltage,<,244.76#162
power power##power.Sub_metering_2,>,68.0,power.Global_active_power,<,6.14,power.Global_reactive_power,<,0.6779999999999999#870
power power##power.Global_active_power,=,2.65,power.Global_reactive_power,<,0.8079999999999999,power.Global_intensity,>,12.4,power.Sub_metering_2,>,15.0,power.Sub_metering_1,<,44.0#1
power power##power.Global_reactive_power,=,0.86,power.Voltage,>,228.02,power.Global_intensity,>,4.2#8
power power##power.Sub_metering_1,=,76.0,power.Voltage,<,233.84#14
power power##power.Sub_metering_2,<,63.0,power.Sub_metering_1,>,10.0,power.Voltage,=,243.97,power.Global_intensity,<,37.8#1
power power##power.Sub_metering_2,<,42.0#1041831
power power##power.Global_reactive_power,=,0.826,power.Sub_metering_3,<,6.0#2
power power##power.Sub_metering_2,>,62.0#1950
power power##power.Global_active_power,>,8.134#188
power power##power.Voltage,=,239.15,power.Sub_metering_1,<,36.0,power.Global_intensity,=,10.4#5
power power##power.Sub_metering_2,=,23.0,power.Sub_metering_1,<,64.0,power.Global_active_power,<,4.2860000000000005#734
power power##power.Sub_metering_3,>,7.0#345254
power power##power.Global_reactive_power,<,0.708,power.Sub_metering_2,=,41.0#155
power power##power.Sub_metering_2,>,50.0,power.Global_active_power,<,6.636,power.Global_reactive_power,<,0.67,power.Sub_metering_1,<,58.0,power.Global_intensity,>,29.0#1
power power##power.Global_reactive_power,=,0.298,power.Sub_metering_3,>,26.0,power.Global_active_power,>,1.9080000000000001#23
power power##power.Sub_metering_1,<,23.0,power.Sub_metering_3,<,9.0#688962
power power##power.Sub_metering_3,=,29.0,power.Sub_metering_1,<,9.0#1642
power power##power.Global_active_power,>,7.49,power.Sub_metering_2,=,39.0,power.Voltage,<,245.71#1
power power##power.Sub_metering_3,<,29.0,power.Global_active_power,>,4.518,power.Global_intensity,>,36.6,power.Sub_metering_2,>,11.0#89
power power##power.Global_active_power,>,0.41600000000000004,power.Sub_metering_2,>,6.0,power.Global_intensity,=,12.6,power.Sub_metering_3,>,8.0#216
power power##power.Global_reactive_power,<,0.63,power.Sub_metering_1,>,46.0#609
power power##power.Global_active_power,>,4.99,power.Sub_metering_1,=,42.0#67
power power##power.Global_reactive_power,<,0.924,power.Global_intensity,<,5.6#670908
power power##power.Sub_metering_2,>,23.0,power.Global_reactive_power,>,0.848,power.Global_active_power,<,8.687999999999999#42
power power##power.Sub_metering_3,=,19.0,power.Sub_metering_1,<,80.0#21703
power power##power.Global_intensity,<,12.8,power.Global_reactive_power,<,0.242,power.Global_active_power,<,3.8480000000000003,power.Sub_metering_2,<,48.0,power.Sub_metering_1,<,25.0#859462
power power##power.Sub_metering_1,=,21.0#256
power power##power.Sub_metering_2,<,29.0#1021209
power power##power.Sub_metering_1,<,16.0,power.Global_intensity,>,20.6#6130
power power##power.Global_active_power,>,1.198#423617
power power##power.Global_intensity,>,18.8,power.Sub_metering_2,=,52.0#19
power power##power.Sub_metering_1,=,7.0,power.Sub_metering_3,<,5.0#69
power power##power.Sub_metering_1,>,33.0,power.Global_intensity,<,10.2#178
power power##power.Sub_metering_3,=,29.0#1701
power power##power.Global_active_power,<,3.156,power.Voltage,>,236.38,power.Sub_metering_1,<,21.0#855713
power power##power.Global_reactive_power,<,0.05,power.Global_intensity,>,23.4#864
power power##power.Sub_metering_2,>,27.0,power.Sub_metering_1,<,32.0,power.Global_reactive_power,>,0.5820000000000001#290
power power##power.Global_reactive_power,=,0.392#524
power power##power.Sub_metering_2,>,14.0,power.Sub_metering_1,<,26.0,power.Sub_metering_3,=,28.0,power.Global_reactive_power,<,0.094,power.Voltage,<,235.99#2
power power##power.Sub_metering_3,=,15.0#371
power power##power.Sub_metering_1,=,38.0,power.Sub_metering_2,<,70.0#8614
power power##power.Global_reactive_power,>,0.152,power.Sub_metering_2,<,13.0,power.Voltage,=,228.71,power.Sub_metering_1,>,33.0#7
power power##power.Global_intensity,<,31.6,power.Sub_metering_2,>,36.0,power.Global_active_power,>,0.96,power.Sub_metering_3,>,3.0#7135
power power##power.Global_reactive_power,<,0.514#1038333
power power##power.Sub_metering_1,>,76.0,power.Global_intensity,>,23.4#42
power power##power.Sub_metering_1,=,25.0,power.Sub_metering_3,<,29.0,power.Global_intensity,<,43.0,power.Global_reactive_power,>,0.652,power.Sub_metering_2,<,59.0#2
power power##power.Global_active_power,<,9.048,power.Global_intensity,>,5.6#342895
power power##power.Voltage,=,248.87#15
power power##power.Sub_metering_3,>,27.0#3334
power power##power.Voltage,>,228.83,power.Sub_metering_2,<,21.0,power.Global_active_power,>,1.396#297898
power power##power.Sub_metering_1,>,45.0#644
power power##power.Voltage,=,239.99,power.Global_reactive_power,<,0.8220000000000001,power.Sub_metering_1,>,0.0#114
power power##power.Global_intensity,<,12.0,power.Sub_metering_2,<,38.0,power.Sub_metering_1,=,29.0,power.Voltage,>,232.63#32
power power##power.Sub_metering_3,>,12.0,power.Global_intensity,>,19.4,power.Sub_metering_2,>,69.0,power.Voltage,<,231.95#94
power power##power.Global_intensity,<,37.0,power.Voltage,=,232.38,power.Sub_metering_1,<,69.0,power.Global_active_power,>,1.8719999999999999#67
power power##power.Global_intensity,=,1.0#95350
power power##power.Sub_metering_2,>,52.0,power.Voltage,<,230.62,power.Global_active_power,<,5.334#58
power power##power.Global_intensity,>,12.0#86498
power power##power.Voltage,>,242.46,power.Global_reactive_power,<,0.434#224907
power power##power.Global_reactive_power,>,0.7140000000000001,power.Sub_metering_3,>,26.0#10
power power##power.Global_intensity,>,15.8,power.Voltage,<,231.1,power.Sub_metering_3,<,31.0#2830
power power##power.Sub_metering_1,<,11.0#1011972
power power##power.Sub_metering_2,>,60.0#2045
power power##power.Voltage,=,246.46#170
power power##power.Voltage,<,246.3,power.Sub_metering_1,=,73.0#32
power power##power.Global_intensity,>,1.4,power.Voltage,<,233.28#29455
power power##power.Global_reactive_power,>,0.642#1329
power power##power.Voltage,>,228.63,power.Sub_metering_2,<,74.0,power.Global_reactive_power,=,0.444,power.Sub_metering_3,=,6.0#1
power power##power.Global_intensity,<,11.2#940009
power power##power.Voltage,<,243.17,power.Sub_metering_3,=,3.0,power.Sub_metering_2,<,35.0#579
power power##power.Global_reactive_power,=,0.396,power.Sub_metering_2,>,44.0#3
power power##power.Voltage,<,237.16,power.Sub_metering_2,=,54.0#22
power power##power.Global_intensity,>,27.6#2019
power power##power.Voltage,<,231.75,power.Global_reactive_power,<,0.672,power.Global_active_power,>,7.707999999999999,power.Sub_metering_3,>,3.0,power.Sub_metering_1,>,46.0,power.Global_intensity,<,41.0#37
power power##power.Global_active_power,=,3.968#64
power power##power.Global_intensity,<,27.0,power.Global_reactive_power,=,0.536#102
power power##power.Sub_metering_1,>,6.0#33422
power power##power.Voltage,=,226.35#2
power power##power.Sub_metering_1,>,38.0#4910
power power##power.Sub_metering_3,=,5.0#651
power power##power.Sub_metering_2,<,8.0,power.Global_reactive_power,<,0.434,power.Voltage,=,240.83,power.Global_intensity,<,42.6,power.Sub_metering_1,<,54.0#1521
power power##power.Sub_metering_2,>,4.0,power.Global_intensity,=,17.4,power.Global_active_power,>,4.06#307
power power##power.Sub_metering_1,<,20.0,power.Global_active_power,>,6.9079999999999995,power.Sub_metering_2,=,71.0,power.Sub_metering_3,>,3.0#46
power power##power.Sub_metering_2,>,71.0#1002
power power##power.Voltage,>,246.32#19860
power power##power.Sub_metering_2,<,24.0,power.Sub_metering_3,>,0.0,power.Global_active_power,<,7.084,power.Global_reactive_power,>,0.28800000000000003,power.Voltage,>,245.56#202
power power##power.Global_reactive_power,>,0.21#200525
power power##power.Sub_metering_1,<,31.0,power.Sub_metering_2,=,13.0#190
power power##power.Sub_metering_2,=,24.0#744
power power##power.Voltage,<,239.39,power.Sub_metering_2,<,16.0,power.Sub_metering_3,=,8.0#258
power power##power.Voltage,>,243.43,power.Global_reactive_power,<,0.374,power.Global_active_power,=,2.53#3
power power##power.Global_active_power,<,1.028#601179
power power##power.Sub_metering_3,<,7.0#698568
power power##power.Sub_metering_3,=,9.0,power.Global_reactive_power,=,0.094#3
power power##power.Sub_metering_1,>,61.0,power.Global_intensity,>,5.8#345
power power##power.Global_active_power,>,4.854#13129
power power##power.Sub_metering_1,<,60.0#1044144
power power##power.Sub_metering_1,<,74.0#1044321
power power##power.Global_intensity,<,20.0,power.Sub_metering_2,<,20.0,power.Voltage,=,236.32#444
power power##power.Global_active_power,<,6.61,power.Voltage,<,239.47,power.Global_reactive_power,=,0.18,power.Global_intensity,>,19.0,power.Sub_metering_3,<,30.0,power.Sub_metering_1,<,35.0#44
power power##power.Global_reactive_power,<,0.28,power.Global_intensity,<,14.0#914179
power power##power.Sub_metering_1,=,6.0#209
power power##power.Sub_metering_2,<,18.0#1011799
power power##power.Sub_metering_3,<,23.0,power.Global_intensity,>,31.8#730
power power##power.Global_active_power,>,6.702000000000001,power.Global_intensity,>,2.6,power.Sub_metering_3,<,19.0#1542
power power##power.Global_intensity,>,19.6#16075
power power##power.Global_intensity,=,28.0#91
power power##power.Global_intensity,>,7.2,power.Sub_metering_1,<,67.0#213614
power power##power.Global_active_power,>,1.77#207676
power power##power.Global_intensity,>,0.8,power.Sub_metering_2,<,8.0,power.Global_reactive_power,>,0.742,power.Sub_metering_1,>,23.0,power.Global_active_power,>,0.784#66
power power##power.Sub_metering_2,<,35.0,power.Global_reactive_power,=,0.204#5105
power power##power.Sub_metering_3,<,24.0,power.Global_reactive_power,>,0.65,power.Sub_metering_1,>,8.0#217
power power##power.Global_active_power,<,4.038,power.Sub_metering_3,<,4.0,power.Global_intensity,<,15.0#688252
power power##power.Sub_metering_2,<,57.0#1042309
power power##power.Global_intensity,=,37.2#7
power power##power.Global_reactive_power,<,0.868,power.Sub_metering_1,=,28.0#241
power power##power.Voltage,=,230.11#18
power power##power.Sub_metering_2,>,44.0#2521
power power##power.Global_active_power,>,3.282,power.Sub_metering_2,=,7.0,power.Global_reactive_power,<,0.89,power.Global_intensity,<,32.6#59
power power##power.Voltage,>,235.28,power.Sub_metering_2,>,20.0#20694
power power##power.Sub_metering_1,>,11.0#32315
power power##power.Sub_metering_2,<,63.0#1042556
power power##power.Global_reactive_power,>,0.2,power.Global_active_power,>,4.672#7790
power power##power.Global_active_power,>,2.478,power.Sub_metering_2,<,66.0,power.Sub_metering_3,=,27.0#104
power power##power.Sub_metering_2,<,43.0#1041928
power power##power.Global_reactive_power,=,0.386#553
power power##power.Global_intensity,=,30.4,power.Global_active_power,<,7.707999999999999#46
power power##power.Global_reactive_power,>,0.604#2000
power power##power.Global_intensity,<,35.8#1044360
power power##power.Sub_metering_2,<,6.0,power.Sub_metering_1,>,42.0#921
power power##power.Global_reactive_power,>,0.968,power.Voltage,>,236.07,power.Sub_metering_1,=,0.0#12
power power##power.Global_active_power,<,1.672#817478
power power##power.Sub_metering_2,<,76.0,power.Sub_metering_1,<,23.0#1014594
power power##power.Sub_metering_3,<,5.0#697222
power power##power.Sub_metering_2,<,52.0#1042168
power power##power.Global_active_power,>,4.928,power.Sub_metering_2,=,72.0,power.Sub_metering_1,>,7.0#33
power power##power.Sub_metering_1,>,28.0#28561
power power##power.Sub_metering_2,>,24.0,power.Voltage,<,235.17#8590
power power##power.Global_active_power,<,5.877999999999999#1040166
power power##power.Voltage,<,243.32,power.Global_active_power,<,4.7,power.Global_intensity,>,11.4,power.Sub_metering_1,>,31.0#17457
power power##power.Voltage,<,231.25,power.Sub_metering_1,<,33.0,power.Sub_metering_3,<,24.0#6354
power power##power.Voltage,=,238.47,power.Sub_metering_3,<,16.0,power.Sub_metering_1,>,30.0#17
power power##power.Voltage,=,231.2,power.Sub_metering_3,<,26.0,power.Sub_metering_1,<,19.0,power.Global_intensity,=,25.4#1
power power##power.Sub_metering_3,<,25.0,power.Sub_metering_1,=,66.0#6
power power##power.Global_active_power,<,3.5460000000000003,power.Voltage,<,244.77,power.Sub_metering_1,<,47.0,power.Sub_metering_2,>,43.0#44
power power##power.Voltage,>,227.88,power.Sub_metering_3,>,30.0,power.Global_intensity,<,34.0,power.Global_reactive_power,>,0.12,power.Sub_metering_2,<,50.0#19
power power##power.Sub_metering_1,>,71.0,power.Global_reactive_power,<,0.564,power.Global_active_power,<,5.114#8
power power##power.Sub_metering_1,<,3.0,power.Sub_metering_3,=,5.0,power.Voltage,<,237.36,power.Sub_metering_2,<,7.0,power.Global_active_power,>,0.204#64
power power##power.Sub_metering_1,=,15.0,power.Global_intensity,>,23.0,power.Sub_metering_2,>,29.0#8
power power##power.Global_active_power,>,1.87#190800
power power##power.Sub_metering_1,>,18.0#30815
power power##power.Sub_metering_2,=,36.0#4015
power power##power.Global_reactive_power,<,0.37799999999999995#1017950
power power##power.Sub_metering_1,<,24.0,power.Global_intensity,=,27.4,power.Sub_metering_2,<,75.0,power.Global_reactive_power,>,0.057999999999999996#32
power power##power.Global_reactive_power,>,0.722,power.Sub_metering_2,<,61.0,power.Sub_metering_3,=,16.0#29
power power##power.Global_intensity,=,4.4#4681
power power##power.Global_intensity,>,5.4#373597
power power##power.Global_reactive_power,>,0.55#4032
power power##power.Voltage,>,243.32,power.Sub_metering_2,>,13.0#799
power power##power.Global_active_power,<,4.172,power.Sub_metering_3,<,31.0,power.Global_intensity,<,32.2,power.Voltage,>,232.06#1007745
power power##power.Global_intensity,>,8.8,power.Global_reactive_power,>,0.77,power.Sub_metering_3,<,15.0,power.Sub_metering_1,<,15.0,power.Sub_metering_2,>,29.0,power.Voltage,>,228.42#15
power power##power.Global_active_power,=,0.584,power.Sub_metering_1,<,34.0,power.Voltage,<,246.48#551
power power##power.Global_reactive_power,=,0.384,power.Global_intensity,>,0.6,power.Voltage,>,228.74,power.Global_active_power,>,1.054,power.Sub_metering_1,>,70.0#1
power power##power.Global_intensity,<,9.8,power.Sub_metering_1,<,30.0,power.Global_reactive_power,=,0.782#3
power power##power.Global_active_power,=,4.042#35
power power##power.Global_reactive_power,<,0.8,power.Global_intensity,>,11.4,power.Sub_metering_1,<,35.0#72504
power power##power.Voltage,>,243.59#127197
power power##power.Sub_metering_3,>,13.0,power.Global_intensity,<,38.8#333662
power power##power.Sub_metering_3,<,24.0,power.Global_active_power,=,5.476#13
power power##power.Sub_metering_1,=,68.0,power.Global_reactive_power,>,0.054000000000000006#4
power power##power.Sub_metering_3,>,1.0#349272
power power##power.Global_active_power,<,1.94,power.Sub_metering_3,>,29.0,power.Voltage,<,242.34#32
power power##power.Global_intensity,=,38.6#2
power power##power.Global_intensity,>,31.8,power.Voltage,>,225.77#718
power power##power.Sub_metering_1,>,12.0#32106
power power##power.Sub_metering_1,>,3.0,power.Global_intensity,<,36.6,power.Sub_metering_2,<,24.0#31451
power power##power.Global_active_power,=,5.86,power.Sub_metering_1,>,37.0#1
power power##power.Global_active_power,>,5.94,power.Sub_metering_1,<,10.0,power.Global_intensity,>,6.6,power.Voltage,<,246.5#1673
power power##power.Global_active_power,<,2.182,power.Global_reactive_power,>,0.486#2675
power power##power.Sub_metering_3,>,0.0#484194
power power##power.Sub_metering_3,<,17.0,power.Sub_metering_2,=,67.0,power.Sub_metering_1,<,12.0,power.Global_active_power,<,5.106#6
power power##power.Global_reactive_power,<,0.8959999999999999,power.Global_intensity,<,28.8#1042833
power power##power.Global_active_power,=,2.968#114
power power##power.Global_intensity,=,9.0#4865
power power##power.Global_reactive_power,=,0.8,power.Sub_metering_2,<,73.0#6
power power##power.Sub_metering_3,=,20.0#296
power power##power.Global_active_power,<,7.022#1043380
power power##power.Global_reactive_power,=,0.65#29
power power##power.Sub_metering_2,<,60.0,power.Voltage,>,239.26,power.Global_intensity,=,18.4,power.Sub_metering_1,>,9.0#42
power power##power.Global_active_power,>,2.968,power.Global_reactive_power,<,0.444,power.Sub_metering_3,>,15.0#60234
power power##power.Global_reactive_power,=,0.624,power.Global_active_power,>,1.88#27
power power##power.Global_reactive_power,<,0.446#1031823
power power##power.Sub_metering_1,=,61.0,power.Sub_metering_3,>,12.0#4
power power##power.Sub_metering_2,>,9.0,power.Global_active_power,>,0.768#35289
power power##power.Global_intensity,<,16.8#1013218
power power##power.Global_intensity,>,7.0,power.Global_active_power,>,7.682,power.Sub_metering_3,>,15.0#491
power power##power.Global_reactive_power,>,0.318#57880
power power##power.Sub_metering_3,>,24.0,power.Sub_metering_1,=,34.0#1
power power##power.Sub_metering_1,=,40.0#477
power power##power.Global_intensity,=,9.4,power.Sub_metering_3,=,8.0#4
power power##power.Global_reactive_power,=,0.914#2
power power##power.Sub_metering_1,<,43.0#1043537
power power##power.Sub_metering_2,<,67.0#1042792
power power##power.Sub_metering_1,=,30.0,power.Sub_metering_3,<,25.0#245
power power##power.Global_reactive_power,<,0.1,power.Sub_metering_1,>,43.0#55
power power##power.Voltage,>,229.26,power.Global_active_power,>,1.626,power.Sub_metering_1,<,34.0,power.Sub_metering_2,<,4.0#174580
power power##power.Global_active_power,=,4.784,power.Sub_metering_1,<,35.0#17
power power##power.Sub_metering_3,<,22.0,power.Global_intensity,>,33.8,power.Global_reactive_power,>,0.51#57
power power##power.Voltage,<,230.26#4243
power power##power.Sub_metering_1,=,31.0#206
power power##power.Global_intensity,<,21.8,power.Sub_metering_3,>,17.0#190340
power power##power.Global_active_power,<,5.364#1036515
power power##power.Voltage,<,250.6,power.Global_intensity,=,20.4,power.Sub_metering_2,<,4.0,power.Sub_metering_1,<,77.0,power.Global_reactive_power,<,0.7140000000000001,power.Sub_metering_3,>,9.0#297
power power##power.Sub_metering_3,<,1.0,power.Sub_metering_1,<,55.0,power.Voltage,>,243.61,power.Sub_metering_2,<,24.0#99740
power power##power.Sub_metering_2,<,4.0,power.Global_active_power,>,1.34,power.Sub_metering_3,>,19.0#4629
power power##power.Sub_metering_1,<,41.0#1043334
power power##power.Voltage,=,226.42,power.Sub_metering_2,<,12.0#4
power power##power.Voltage,>,234.12,power.Global_intensity,>,23.6,power.Sub_metering_1,>,5.0#1608
power power##power.Sub_metering_3,=,27.0,power.Voltage,>,238.6#63
power power##power.Voltage,=,234.34#337
power power##power.Sub_metering_2,=,24.0,power.Sub_metering_3,=,18.0#171
power power##power.Global_active_power,>,3.344#60112
power power##power.Global_intensity,>,9.4,power.Sub_metering_3,<,14.0,power.Global_active_power,>,3.8939999999999997,power.Voltage,>,228.47,power.Sub_metering_1,<,48.0,power.Global_reactive_power,>,0.40399999999999997#981
power power##power.Global_intensity,>,41.8,power.Global_active_power,>,5.626,power.Sub_metering_3,<,11.0,power.Sub_metering_2,<,18.0#2
power power##power.Global_reactive_power,<,0.616,power.Voltage,=,225.72#4
power power##power.Sub_metering_2,<,21.0,power.Global_reactive_power,>,0.708,power.Global_active_power,>,5.06#48
power power##power.Global_reactive_power,<,0.18600000000000003,power.Global_active_power,>,5.356,power.Voltage,<,234.9,power.Sub_metering_3,>,11.0,power.Sub_metering_1,>,65.0#30
power power##power.Sub_metering_1,>,15.0#31458
power power##power.Sub_metering_3,=,19.0,power.Sub_metering_2,<,37.0,power.Global_intensity,>,21.0#26
power power##power.Sub_metering_2,>,5.0,power.Global_active_power,>,2.846,power.Global_reactive_power,>,0.7020000000000001#178
power power##power.Voltage,=,227.89,power.Global_active_power,>,0.904,power.Global_intensity,<,40.2,power.Global_reactive_power,<,0.242#1
power power##power.Voltage,<,241.32,power.Sub_metering_2,<,39.0,power.Sub_metering_1,<,1.0#603732
power power##power.Global_intensity,>,19.4,power.Sub_metering_2,>,70.0#1273
power power##power.Global_reactive_power,>,0.368,power.Sub_metering_1,>,51.0#183
power power##power.Voltage,<,240.57,power.Sub_metering_3,<,3.0,power.Sub_metering_1,<,46.0,power.Global_intensity,<,35.6,power.Sub_metering_2,>,49.0,power.Global_reactive_power,<,0.838#587
power power##power.Global_reactive_power,>,0.22,power.Sub_metering_1,<,69.0,power.Sub_metering_3,<,13.0,power.Voltage,<,242.55,power.Global_active_power,=,5.87#1
power power##power.Sub_metering_1,<,47.0,power.Voltage,>,228.02,power.Global_active_power,>,3.33,power.Global_intensity,>,17.6,power.Sub_metering_2,>,3.0#11041
power power##power.Global_intensity,>,26.8,power.Sub_metering_3,<,31.0,power.Global_active_power,=,6.568#7
power power##power.Global_reactive_power,<,0.988#1044467
power power##power.Global_reactive_power,<,0.612,power.Sub_metering_2,<,53.0#1040347
power power##power.Sub_metering_1,<,8.0,power.Sub_metering_3,=,28.0#1010
power power##power.Sub_metering_1,=,3.0,power.Global_intensity,<,19.4#262
power power##power.Sub_metering_2,>,37.0,power.Global_active_power,<,7.54#6926
power power##power.Global_reactive_power,<,0.532#1039440
power power##power.Sub_metering_3,<,4.0,power.Global_active_power,=,2.424#116
power power##power.Sub_metering_1,>,28.0#28561
power power##power.Global_active_power,<,1.794,power.Global_reactive_power,<,0.9640000000000001#840696
power power##power.Global_active_power,=,7.688#2
power power##power.Global_reactive_power,<,0.11199999999999999,power.Global_active_power,>,1.6340000000000001,power.Global_intensity,>,16.0#11739
power power##power.Sub_metering_3,>,17.0,power.Global_reactive_power,<,0.326#179568
power power##power.Global_active_power,<,7.412000000000001,power.Global_intensity,=,16.0#1997
power power##power.Sub_metering_2,<,4.0,power.Voltage,<,231.77,power.Sub_metering_1,>,14.0#2465
power power##power.Sub_metering_3,>,29.0#533
power power##power.Sub_metering_2,>,19.0,power.Global_reactive_power,>,0.72,power.Global_active_power,<,4.854,power.Sub_metering_3,<,21.0#63
power power##power.Sub_metering_3,=,30.0,power.Global_active_power,<,8.35#510
power power##power.Sub_metering_1,<,37.0,power.Global_intensity,>,29.6,power.Sub_metering_3,>,12.0,power.Global_reactive_power,<,0.48200000000000004,power.Sub_metering_2,<,29.0#142
power power##power.Sub_metering_1,=,0.0#958708
power power##power.Global_reactive_power,=,0.126#7573
power power##power.Sub_metering_2,<,65.0,power.Global_reactive_power,<,0.5579999999999999,power.Sub_metering_1,>,28.0,power.Global_intensity,>,22.4,power.Sub_metering_3,=,29.0#4
power power##power.Sub_metering_3,=,19.0,power.Sub_metering_2,=,44.0#1
power power##power.Global_active_power,>,8.06,power.Sub_metering_3,>,2.0,power.Sub_metering_2,<,23.0#36
power power##power.Sub_metering_1,=,34.0,power.Sub_metering_3,<,5.0#85
power power##power.Sub_metering_3,=,13.0,power.Sub_metering_1,>,8.0#21
power power##power.Global_intensity,=,9.6#5658
power power##power.Global_active_power,<,1.7080000000000002#825482
power power##power.Global_intensity,<,36.2#1044376
power power##power.Global_active_power,<,1.17#615607
power power##power.Global_active_power,<,4.438,power.Global_intensity,<,41.8,power.Voltage,>,227.04,power.Sub_metering_1,<,46.0,power.Global_reactive_power,>,0.39399999999999996#18995
power power##power.Global_reactive_power,<,0.456,power.Global_active_power,<,0.7340000000000001,power.Voltage,<,232.3#2417
power power##power.Voltage,<,241.09#646406
power power##power.Global_reactive_power,=,0.982#1
power power##power.Global_active_power,<,3.58,power.Sub_metering_1,<,18.0,power.Sub_metering_2,<,73.0,power.Global_intensity,<,39.6,power.Voltage,=,233.34,power.Global_reactive_power,<,0.076#67
power power##power.Voltage,<,248.63#1042816
power power##power.Voltage,<,238.25,power.Sub_metering_3,>,16.0#129176
power power##power.Sub_metering_1,<,73.0,power.Global_active_power,<,8.04,power.Global_intensity,<,17.2,power.Global_reactive_power,<,0.252,power.Voltage,=,246.97#79
power power##power.Voltage,>,230.77,power.Global_active_power,<,1.49,power.Sub_metering_2,>,16.0,power.Sub_metering_1,<,56.0,power.Global_intensity,=,5.2#27
power power##power.Sub_metering_2,<,15.0,power.Global_intensity,<,15.4,power.Global_reactive_power,>,0.218,power.Sub_metering_3,>,2.0,power.Voltage,=,238.77#70
power power##power.Sub_metering_2,=,17.0#800
power power##power.Voltage,=,239.06,power.Global_intensity,>,21.6#2
power power##power.Voltage,>,237.81,power.Global_reactive_power,<,0.6659999999999999,power.Global_intensity,<,5.4,power.Sub_metering_2,<,59.0,power.Sub_metering_3,>,6.0#23687
power power##power.Sub_metering_3,=,13.0#1068
power power##power.Sub_metering_1,>,25.0,power.Global_intensity,>,13.0,power.Sub_metering_3,=,10.0#18
power power##power.Sub_metering_1,>,10.0,power.Global_reactive_power,=,0.154#145
power power##power.Sub_metering_2,<,49.0,power.Sub_metering_3,<,16.0,power.Sub_metering_1,<,69.0,power.Global_reactive_power,<,0.622,power.Global_active_power,<,2.9619999999999997#695590
power power##power.Sub_metering_1,=,59.0,power.Sub_metering_3,<,9.0#2
power power##power.Global_reactive_power,<,0.8240000000000001,power.Sub_metering_1,>,32.0#27602
power power##power.Global_active_power,<,3.75#1005634